Booking_ID,Passenger_ID,Booking_Date_Raw,Booking_Channel,Airline,Flight_Number,Route,Cabin_Class,Passenger_Age,Frequent_Flyer_Tier,Base_Ticket_Price,Seat_Selection_Fee,Baggage_Fee,Meal_Fee,Lounge_Access_Fee,Trip_Type,Payment_Method,Is_Cancelled,Checked_Bags_Count,Inflight_Wifi_Purchased,Special_Meal_Requested,Seat_Location_Pref,Booking_Lead_Time_Days,Delay_Duration_Minutes,Customer_Rating,Distance_Miles,Loyalty_Points_Earned,Discount_Code_Applied,Travel_Insurance_Opted,Checkin_Method,Security_Wait_Time_Min,Gate_Change_Occurred,Survey_Completed
BK-10000,PAX-50754,02/05/2026, Mobile_App ,Global Connect,FL-209,DXB-LHR,First Class,42.0,Silver,"$1,194.45",$27.19,$0.00,$0.00,$72.61,One-Way,Apple Pay,0,2,1,None,Middle,0,0,3.0,5456,2643,0,0,Counter,31.414048121906845,1,0
BK-10001,PAX-50214,"Mar 09, 2026",WEB_PORTAL,Global Connect,FL-767,DXB-LHR,Premium Economy,25.0,,$471.04,$0.00,$36.96,$51.79,$0.00,Round-Trip,Crypto,0,1,1,None,Aisle,42,0,5.0,5456,1811,0,0,Counter,14.004369103227623,1,1
BK-10002,PAX-50125,24/02/2026,Agency_API,AeroFly,FL-367,CDG-JFK,Premium Economy,63.0,Platinum,$489.74, 59.48 ,$0.00,$0.00,$0.00,Round-Trip,Apple Pay,1,0,0,Gluten-Free,Aisle,29,0,4.0,3915,3691,0,0,Counter,4.525996806036982,0,1
BK-10003,PAX-50859,"Mar 21, 2026",Agency_API,Global Connect,FL-533,JFK-LHR,Economy,67.0,Gold,$175.27,$50.04,$69.48,$0.00,$0.00,One-Way,PayPal,0,0,0,None,Window,36,0,4.0,3451,3038,0,0,Counter,12.729772877443295,0,1
BK-10004,PAX-50381, 2026-06-21 ,mobile_app,Global Connect,FL-726,CDG-JFK,First Class,33.0,Silver,"$1,197.74",$0.00,$0.00,$0.00,$100.13,One-Way,Apple Pay,0,3,1,None,Window,7,0,5.0,5456,4483,0,0,Online,16.914055566361657,0,1
BK-10005,PAX-50350,"Apr 23, 2026",Agency_API,SkyWays,FL-796,SIN-SYD,Economy,20.0,Platinum,$192.09,$0.00,$0.00,$35.80,$0.00,Round-Trip,PayPal,0,2,0,None,Aisle,4,0,3.0,3635,664,0,1,Kiosk,7.428817547761568,0,1
BK-10006,PAX-50328,31/01/2026,WEB_PORTAL,SkyWays,FL-308,DXB-LHR,First Class,65.0,Gold,"$1,221.09",$0.00,$0.00,$45.93,$75.76,One-Way,Credit Card,0,0,1,None,Middle,0,38,5.0,3400,4777,0,1,Counter,17.585864910022636,0,1
BK-10007,PAX-50242,2026-02-27,mobile_app,Global Connect,FL-902,SIN-SYD,Economy,51.0,,$149.72,$29.74,$50.80,$0.00,$0.00,Round-Trip,Crypto,0,0,1,None,Aisle,12,8,4.0,3400,1322,0,0,Counter,16.87452801437849,1,1
BK-10008,PAX-50854,2026-03-28,WEB_PORTAL,Global Connect,FL-283,DXB-LHR,Economy,31.0,Platinum,$153.53,$35.25,$45.55,$0.00,$0.00,Round-Trip,Credit Card,0,1,1,None,Aisle,26,0,4.0,3635,1443,0,0,Counter,18.750928182377333,0,1
BK-10009,PAX-50204,31/05/2026,web_portal,AeroFly,FL-668,SIN-SYD,Business,61.0,,"$1,221.13",$58.41,$82.41,$18.43, 69.63 ,Round-Trip,Crypto,0,1,0,None,Window,14,0,2.0,5456,4925,1,0,Kiosk,19.37787106162788,0,1
BK-10010,PAX-50792,31/05/2026,web_portal,Global Connect,FL-414,DXB-LHR,Economy,38.0,,$144.73,$58.97,$0.00,$47.76,$0.00,Round-Trip,PayPal,0,1,1,None,Middle,17,1,4.0,3451,1274,1,1,Online,12.20629440073709,0,0
BK-10011,PAX-50858,2026-01-02,mobile_app,SkyWays,FL-892,SIN-SYD,Business,64.0,Platinum,"$1,247.38",$0.00,$50.10,$0.00,$77.88,Round-Trip,Apple Pay,0,0,0,None,Window,70,62,5.0,3451,2698,0,0,Counter,12.879515761502073,0,0
BK-10012,PAX-50658,2026-06-11,web_portal,Oceanic Air,FL-853,LAX-TYO,Economy,,,$177.50,$26.04,$45.78,$56.10,$0.00,One-Way,Crypto,0,1,0,Gluten-Free,Middle,12,0,4.0,3400,3656,0,1,Online,18.2735529868203,0,1
BK-10013,PAX-50189,2026-02-28,WEB_PORTAL,Global Connect,FL-984,CDG-JFK,Economy,51.0,,$145.61,$72.43,$59.77,$0.00,$0.00,Round-Trip,Apple Pay,0,1,1,Gluten-Free,Aisle,21,0,4.0,3400,4742,0,1,Kiosk,14.214047220756315,0,0
BK-10014,PAX-50704, 2026-01-09 ,Agency_API,AeroFly,FL-865,LAX-TYO,Business,,Gold,"$1,225.51",$19.46,$0.00,$0.00, 98.44 ,Round-Trip,Credit Card,0,2,0,None,Window,45,0,3.0,3400,4195,1,0,Kiosk,23.444968610503533,0,0
BK-10015,PAX-50532,19/01/2026,WEB_PORTAL,Global Connect,FL-901,LAX-TYO,First Class,37.0,,"$1,200.27",$0.00,$40.01,$42.42,$86.01,Round-Trip,Crypto,1,1,0,Gluten-Free,Window,15,27,5.0,3400,3952,0,0,Kiosk,18.2153672986062,0,1
BK-10016,PAX-50132,"Mar 13, 2026",Agency_API,AeroFly,FL-265,LAX-TYO,Economy,74.0,Platinum,$194.12,$0.00,$83.66,$0.00,$0.00,Round-Trip,Apple Pay,0,0,0,None,Aisle,29,0,4.0,5456,1414,0,1,Kiosk,29.190019403984845,0,1
BK-10017,PAX-50130,24/02/2026,web_portal,AeroFly,FL-620,SIN-SYD,Premium Economy,,Gold, 495.44 ,$0.00,$0.00,$62.99,$0.00,Multi-City,Crypto,0,3,1,None,Middle,59,0,3.0,3915,1808,0,0,Online,22.922894629627354,0,0
BK-10018,PAX-50195,"May 27, 2026",WEB_PORTAL,SkyWays,FL-446,CDG-JFK,Economy,25.0,,$191.83,$19.08,$30.15,$40.63,$0.00,Round-Trip,PayPal,0,0,1,Gluten-Free,Window,89,1,5.0,5456,4677,0,0,Online,24.62228321634359,0,1
BK-10019,PAX-50323,"Mar 04, 2026",web_portal,SkyWays,FL-728,DXB-LHR,Premium Economy,45.0,,$496.91,$0.00,$0.00,$33.90,$0.00,Round-Trip,Crypto,0,1,0,None,Window,4,0,4.0,3915,1013,1,0,Kiosk,18.795396407788715,1,1
BK-10020,PAX-50338,15/04/2026,WEB_PORTAL,AeroFly,FL-823,JFK-LHR,Economy,28.0,,$155.88,$18.63,$0.00,$0.00,$0.00,One-Way,Crypto,0,0,0,Halal,Window,78,38,4.0,3635,2420,0,0,Online,18.944169007741777,0,1
BK-10021,PAX-50617,2026-01-25,web_portal,AeroFly,FL-498,JFK-LHR,Economy,55.0,,$174.33,$69.77,$0.00,$0.00,$0.00,Round-Trip,PayPal,0,1,0,Vegan,Middle,20,0,4.0,5456,4094,0,0,Online,28.38792347945506,0,0
BK-10022,PAX-50716,"Jun 18, 2026",web_portal,AeroFly,FL-105,DXB-LHR,Economy,,Platinum,$141.82,$0.00,$40.74,$0.00,$60.76,Multi-City,PayPal,0,1,0,None,Window,8,30,5.0,3400,1909,0,1,Online,15.730242698777824,0,1
BK-10023,PAX-50127,"Apr 01, 2026",web_portal,SkyWays,FL-943,CDG-JFK,Premium Economy,18.0,,$472.73, 39.68 ,$0.00,$62.13,$0.00,Round-Trip,Credit Card,0,1,1,Vegan,Window,18,0,5.0,3635,3690,1,0,Kiosk,21.280676124991437,0,1
BK-10024,PAX-50674,"Apr 16, 2026",WEB_PORTAL,Global Connect,FL-714,LAX-TYO,Economy,55.0,Silver,$158.13,$47.14,$72.84,$0.00,$0.00,Round-Trip,Apple Pay,0,1,0,None,Aisle,117,0,4.0,5456,4991,0,1,Counter,16.402574807031254,0,0
BK-10025,PAX-50303,2026-01-14,mobile_app,Global Connect,FL-165,JFK-LHR,First Class,48.0,Silver,"$1,238.44",$56.87,$0.00,$19.42,$92.62,Round-Trip,PayPal,0,0,1,None,Window,20,10,1.0,3400,2055,0,1,Kiosk,16.388183649676183,0,1
BK-10026,PAX-50833,"Jan 16, 2026",WEB_PORTAL,Oceanic Air,FL-479,JFK-LHR,Premium Economy,27.0,Gold,$467.21,$25.76,$0.00,$53.60,$0.00,Round-Trip,Crypto,0,6,0,Vegan,Aisle,11,0,3.0,3451,1304,0,0,Counter,10.986622405549682,0,1
BK-10027,PAX-50765,2026-03-28,WEB_PORTAL,AeroFly,FL-138,SIN-SYD,Business,23.0,,"$1,199.48",$29.46,$49.20,$0.00,$67.79,Round-Trip,Apple Pay,0,0,1,None,Middle,30,0,1.0,3635,1779,0,0,Counter,13.544913894858356,0,1
BK-10028,PAX-50818,05/03/2026, Mobile_App ,AeroFly,FL-510,DXB-LHR,Economy,49.0,Silver,$167.87,$0.00,$37.16,$0.00,$0.00,One-Way,Apple Pay,0,0,0,None,Aisle,8,0,5.0,5456,4077,0,1,Counter,12.430383291501297,0,0
BK-10029,PAX-50658,"Feb 18, 2026",web_portal,Global Connect,FL-633,CDG-JFK,Economy,,Platinum,$148.62,$62.70,$0.00,$0.00,$0.00,One-Way,Apple Pay,0,1,0,None,Window,2,0,5.0,3915,3401,0,0,Kiosk,21.566212853539017,0,1
BK-10030,PAX-50529,"Feb 05, 2026",WEB_PORTAL,Oceanic Air,FL-711,DXB-LHR,Premium Economy,66.0,Platinum,$459.16,$42.54,$0.00,$0.00,$0.00,Round-Trip,Credit Card,0,0,1,None,Aisle,4,0,2.0,5456,1887,0,1,Kiosk,24.241235569341974,1,1
BK-10031,PAX-50325, 2026-02-16 ,WEB_PORTAL,SkyWays,FL-892,SIN-SYD,Economy,21.0,,$160.72,$33.00,$32.76,$0.00,$0.00,Round-Trip,PayPal,0,1,1,None,Window,4,13,4.0,3915,3261,0,0,Kiosk,17.431479758529584,0,1
BK-10032,PAX-50559,29/04/2026,web_portal,SkyWays,FL-755,SIN-SYD,Premium Economy,27.0,Gold,$485.64,$0.00,$81.96,$29.28,$0.00,Multi-City,Apple Pay,0,0,1,None,Window,4,0,,3635,3179,0,1,Kiosk,19.37776758098192,1,1
BK-10033,PAX-50703,"Jan 20, 2026",WEB_PORTAL,Global Connect,FL-110,DXB-LHR,Economy,68.0,Silver,$146.37, 53.99 ,$0.00,$64.69,$0.00,One-Way,Credit Card,0,1,0,None,Aisle,4,0,3.0,3400,2606,0,1,Kiosk,17.08517186936942,0,1
BK-10034,PAX-50384,2026-05-21,Agency_API,AeroFly,FL-772,SIN-SYD,Economy,,,$147.35,$37.63,$0.00,$0.00,$0.00,Round-Trip,Apple Pay,0,1,0,Vegan,Middle,30,0,2.0,3400,4723,0,0,Online,13.13534448064209,0,1
BK-10035,PAX-50928,2026-01-13,WEB_PORTAL,SkyWays,FL-630,JFK-LHR,Economy,38.0,,$148.45,$57.17,$52.14,$46.18, 96.16 ,Round-Trip,Apple Pay,0,2,0,None,Aisle,6,0,5.0,3915,3268,0,1,Counter,23.173578148781274,0,1
BK-10036,PAX-50990,24/01/2026, Mobile_App ,Oceanic Air,FL-134,LAX-TYO,First Class,68.0,Silver,"$1,246.72",$53.69,$74.37,$0.00, 98.01 ,Round-Trip,Crypto,0,0,0,None,Middle,12,0,4.0,3400,4453,0,1,Kiosk,21.915208162556876,0,1
BK-10037,PAX-50106,"Feb 12, 2026",web_portal,Oceanic Air,FL-622,LAX-TYO,Premium Economy,40.0,Gold,$465.09,$73.43,$0.00,$26.51,$65.68,Round-Trip,Credit Card,0,4,0,None,Aisle,68,0,4.0,3451,3686,1,0,Kiosk,6.644724088176218,0,1
BK-10038,PAX-50877,"May 05, 2026",WEB_PORTAL,AeroFly,FL-337,JFK-LHR,Premium Economy,46.0,,$494.14,$28.79,$89.87,$0.00,$104.30,Round-Trip,Credit Card,1,1,0,None,Aisle,19,0,5.0,3400,3780,0,0,Online,16.30134599258848,0,0
BK-10039,PAX-50925,"Feb 24, 2026",web_portal,Global Connect,FL-790,DXB-LHR,Economy,19.0,Silver,$196.03,$49.01,$62.79,$38.49,$0.00,One-Way,Credit Card,0,2,0,None,Window,33,0,2.0,3915,3073,0,1,Kiosk,12.707835952755431,1,0
BK-10040,PAX-50263,16/01/2026,Agency_API,Global Connect,,JFK-LHR,Economy,40.0,Silver,$151.39,$56.07,$0.00,$0.00,$0.00,Round-Trip,PayPal,0,0,0,None,Aisle,5,0,4.0,5456,3099,0,1,Online,15.65436858200865,0,1
BK-10041,PAX-50814,2026-04-08,web_portal,SkyWays,FL-100,DXB-LHR,Economy,34.0,,$199.76,$54.49,$31.43,$48.51,$0.00,One-Way,Credit Card,0,1,1,None,Aisle,6,0,5.0,3915,4533,0,0,Counter,13.977410597722443,0,1
BK-10042,PAX-50532, 2026-04-10 ,WEB_PORTAL,SkyWays,FL-188,SIN-SYD,Economy,49.0,Gold,$192.74,$15.94, 71.61 ,$61.82,$0.00,Round-Trip,PayPal,0,3,0,None,Window,1,0,4.0,3451,736,1,1,Counter,17.7214777755516,0,0
BK-10043,PAX-50448, 2026-04-27 ,web_portal,SkyWays,FL-898,LAX-TYO,Economy,53.0,Gold,$145.40,$0.00,$0.00,$18.34,$0.00,One-Way,Credit Card,0,0,1,None,Middle,5,0,4.0,3915,1804,0,0,Kiosk,16.020511589199156,0,0
BK-10044,PAX-50384,"Apr 19, 2026",mobile_app,Oceanic Air,FL-785,DXB-LHR,Economy,62.0,Gold,$167.43,$64.25,$52.58,$30.23,$0.00,Round-Trip,Credit Card,1,3,0,Gluten-Free,Window,9,0,3.0,3400,3930,0,0,Kiosk,15.893155837074966,0,1
BK-10045,PAX-50259,09/02/2026,WEB_PORTAL,Global Connect,FL-700,JFK-LHR,Economy,54.0,Gold, 175.0 ,$0.00,$0.00,$0.00,$98.22,Round-Trip,Credit Card,0,1,0,None,Window,5,7,4.0,3400,1801,0,0,Counter,24.64433057003228,0,1
BK-10046,PAX-50320,17/03/2026,web_portal,AeroFly,FL-115,LAX-TYO,Economy,40.0,Silver,$156.88,$49.00,$0.00,$32.83,$0.00,One-Way,Crypto,0,1,1,None,Window,2,0,4.0,3915,3041,0,1,Counter,21.343071964015493,0,1
BK-10047,PAX-50881,2026-01-15,WEB_PORTAL,SkyWays,FL-170,LAX-TYO,Economy,47.0,Gold,$190.57,$47.43,$55.19,$0.00,$105.90,One-Way,Apple Pay,0,0,0,None,Aisle,3,0,4.0,5456,2551,0,0,Kiosk,13.776632098197398,1,1
BK-10048,PAX-50444,2026-03-22,web_portal,AeroFly,FL-662,DXB-LHR,Economy,71.0,Gold, 157.14 ,$62.43,$38.54,$39.82,$0.00,Round-Trip,Crypto,0,0,1,None,Aisle,18,0,4.0,5456,941,0,1,Counter,14.666719603119475,0,1
BK-10049,PAX-50204,"Jan 13, 2026",web_portal,AeroFly,FL-949,DXB-LHR,Premium Economy,73.0,Platinum,$446.45,$0.00,$0.00,$0.00,$0.00,Round-Trip,Crypto,0,1,1,None,Window,6,0,5.0,3635,2576,0,0,Counter,20.950758332397676,0,1
BK-10050,PAX-50194,09/05/2026,Agency_API,AeroFly,FL-696,CDG-JFK,Economy,22.0,Platinum,$155.87,$35.75,$0.00,$0.00,$0.00,One-Way,Apple Pay,0,2,0,None,Window,13,6,5.0,3400,3680,0,1,Online,20.942517430216597,0,1
BK-10051,PAX-50489,2026-01-15,web_portal,AeroFly,FL-935,CDG-JFK,Economy,46.0,Platinum, 164.2 ,$0.00,$54.78,$0.00,$0.00,Round-Trip,Apple Pay,0,2,1,Vegan,Middle,21,0,1.0,3400,3157,0,0,Online,14.377318565627586,1,1
BK-10052,PAX-50199,2026-02-17,Agency_API,Oceanic Air,FL-720,CDG-JFK,Premium Economy,34.0,Platinum,$443.07,$0.00,$74.87,$36.79,$0.00,Round-Trip,Credit Card,0,0,0,Vegan,Window,35,0,3.0,3451,4298,0,1,Counter,16.596055998587012,0,1
BK-10053,PAX-50467,2026-06-02,mobile_app,Oceanic Air,FL-565,DXB-LHR,Economy,47.0,,$161.75,$51.83,$68.23,$14.05,$0.00,Round-Trip,Crypto,0,0,1,Vegan,Aisle,1,0,4.0,3635,1304,0,1,Kiosk,29.08083624052181,0,1
BK-10054,PAX-50967,22/06/2026,Agency_API,Oceanic Air,FL-688,CDG-JFK,Premium Economy,,Silver,$463.18,$34.58,$33.74,$0.00,$0.00,Round-Trip,Credit Card,0,0,0,None,Window,48,24,5.0,3400,574,0,1,Counter,14.480711468871942,1,1
BK-10055,PAX-50452,2026-04-14, Mobile_App ,Oceanic Air,,CDG-JFK,Economy,42.0,Silver,$172.99,$42.03,$0.00,$58.57,$0.00,Round-Trip,Apple Pay,0,5,0,None,Window,29,0,5.0,5456,2675,1,0,Counter,29.46482753075271,0,1
BK-10056,PAX-50718,26/05/2026,Agency_API,SkyWays,FL-618,CDG-JFK,Economy,74.0,Gold,$177.39,$37.53,$0.00,$0.00,$64.38,Round-Trip,Crypto,0,4,0,None,Window,2,0,4.0,5456,4424,0,0,Kiosk,24.62200165515483,0,1
BK-10057,PAX-50370,2026-05-29,web_portal,SkyWays,FL-174,JFK-LHR,Economy,,Silver,$147.72,$37.80,$85.56,$15.82,$0.00,Round-Trip,Apple Pay,0,0,0,None,Window,62,0,3.0,3451,2589,0,1,Online,28.352497650332793,0,1
BK-10058,PAX-50926,2026-06-08,WEB_PORTAL,Oceanic Air,FL-448,LAX-TYO,Premium Economy,67.0,Platinum,$462.39,$0.00,$49.58,$0.00,$0.00,Multi-City,Crypto,0,0,1,None,Window,76,0,4.0,3451,540,0,0,Kiosk,14.225568167583427,1,1
BK-10059,PAX-50144, 2026-04-18 ,Agency_API,SkyWays,FL-922,CDG-JFK,Economy,38.0,Silver,$173.47,$0.00,$0.00,$23.80,$0.00,One-Way,Crypto,0,2,0,Halal,Window,1,6,5.0,3400,2581,0,1,Counter,16.988664755623432,0,1
BK-10060,PAX-50847,08/03/2026,WEB_PORTAL,Global Connect,FL-363,SIN-SYD,Premium Economy,60.0,,$448.66,$0.00,$38.17,$0.00,$0.00,One-Way,Apple Pay,1,0,1,None,Window,9,0,4.0,5456,2122,0,0,Online,15.305017147346623,0,1
BK-10061,PAX-50570, 2026-06-21 ,mobile_app,Oceanic Air,FL-932,LAX-TYO,Business,70.0,Gold, 1214.08 ,$0.00,$0.00,$0.00,$93.04,Round-Trip,PayPal,0,1,1,Gluten-Free,Aisle,49,0,4.0,3400,841,1,0,Kiosk,24.76051915155722,0,1
BK-10062,PAX-50649, 2026-03-03 ,mobile_app,SkyWays,FL-356,JFK-LHR,Economy,51.0,Gold,$142.33,$62.03,$0.00,$39.58,$0.00,Round-Trip,PayPal,0,0,0,None,Window,41,0,5.0,3635,4552,1,1,Counter,14.593897363967463,0,1
BK-10063,PAX-50227,12/04/2026,web_portal,SkyWays,FL-486,JFK-LHR,Economy,67.0,Gold,$188.24,$36.64,$48.84,$51.79,$0.00,Round-Trip,Crypto,0,0,0,None,Window,6,7,5.0,3915,2574,0,0,Counter,22.38729296005724,0,1
BK-10064,PAX-50487, 2026-06-21 ,web_portal,AeroFly,FL-888,CDG-JFK,Economy,57.0,,$148.94,$41.68,$0.00,$0.00,$0.00,Round-Trip,Apple Pay,0,2,1,Gluten-Free,Window,7,11,4.0,5456,1145,0,0,Online,22.069796467152244,0,0
BK-10065,PAX-50180, 2026-04-28 ,web_portal,Oceanic Air,FL-447,JFK-LHR,Economy,44.0,Platinum,$148.39,$0.00,$57.12,$0.00,$0.00,Round-Trip,Crypto,1,2,0,None,Window,13,37,3.0,3635,4763,0,0,Counter,17.71182281571494,1,1
BK-10066,PAX-50665,2026-01-19,Agency_API,AeroFly,FL-569,CDG-JFK,Business,25.0,Silver,"$1,209.11",$0.00,$35.43,$0.00, 112.44 ,Round-Trip,PayPal,0,2,1,None,Aisle,19,6,4.0,5456,1109,0,0,Kiosk,25.791958404986012,0,1
BK-10067,PAX-50400,2026-04-28, Mobile_App ,AeroFly,FL-700,SIN-SYD,First Class,,Platinum,"$1,226.99",$48.42,$0.00,$0.00,$107.49,One-Way,PayPal,0,1,1,None,Aisle,28,6,1.0,5456,954,0,0,Counter,18.64607921835963,0,1
BK-10068,PAX-50949,19/01/2026, Mobile_App ,Oceanic Air,FL-593,JFK-LHR,Economy,20.0,Platinum,$175.62,$0.00,$66.20,$0.00,$89.36,Round-Trip,Crypto,0,0,0,None,Window,13,0,4.0,3635,3453,1,0,Kiosk,23.004514311649817,0,1
BK-10069,PAX-50743, 2026-05-10 , Mobile_App ,Global Connect,FL-169,DXB-LHR,First Class,26.0,Silver,"$1,220.58",$0.00,$38.90,$48.84,$87.85,One-Way,Crypto,0,0,0,None,Window,18,20,5.0,3400,2208,0,1,Kiosk,15.031779786493304,0,1
BK-10070,PAX-50733, 2026-02-03 ,web_portal,AeroFly,FL-907,LAX-TYO,Premium Economy,20.0,Platinum,$473.78,$50.82, 53.77 ,$50.41,$0.00,Multi-City,PayPal,0,2,0,None,Window,41,0,5.0,5456,3972,0,1,Counter,13.659379115359048,0,1
BK-10071,PAX-50982,18/01/2026,mobile_app,SkyWays,FL-793,DXB-LHR,Economy,49.0,Gold,$141.00,$15.74,$0.00,$0.00,$0.00,Round-Trip,Credit Card,0,0,0,Halal,Aisle,1,0,3.0,3915,3469,1,0,Kiosk,22.38687317554565,0,1
BK-10072,PAX-50470, 2026-04-05 ,Agency_API,SkyWays,FL-919,JFK-LHR,Economy,20.0,Gold,$146.58,$58.49,$40.43,$0.00,$0.00,Round-Trip,Credit Card,0,1,0,None,Aisle,8,9,,5456,3528,0,1,Online,20.58504146600249,0,1
BK-10073,PAX-50691,"Feb 10, 2026",Agency_API,SkyWays,FL-461,LAX-TYO,First Class,71.0,,"$1,208.46",$29.56,$63.36,$18.58,$67.70,Round-Trip,Crypto,0,0,0,Vegan,Window,37,3,3.0,3400,3181,1,1,Kiosk,19.459845984770194,0,1
BK-10074,PAX-50296, 2026-05-20 , Mobile_App ,AeroFly,FL-109,LAX-TYO,Business,49.0,Platinum,"$1,242.33",$25.17,$0.00,$0.00,$106.09,Round-Trip,PayPal,0,2,1,None,Aisle,67,9,2.0,3400,4129,1,0,Counter,15.937869912373298,0,1
BK-10075,PAX-50821,2026-06-06, Mobile_App ,Global Connect,FL-369,SIN-SYD,Economy,62.0,Gold,$175.81,$0.00,$0.00,$0.00,$0.00,Round-Trip,PayPal,0,2,1,None,Aisle,21,0,4.0,3451,4725,1,0,Online,27.295256859157824,0,1
BK-10076,PAX-50171, 2026-06-20 ,web_portal,Oceanic Air,FL-195,DXB-LHR,Economy,21.0,,$179.34,$0.00,$37.29,$23.37,$0.00,Round-Trip,Credit Card,0,1,0,Vegan,Aisle,22,2,4.0,3635,3567,1,0,Online,11.300485174476918,0,0
BK-10077,PAX-50146,2026-06-19,WEB_PORTAL,AeroFly,FL-866,SIN-SYD,Economy,56.0,,$174.71,$0.00,$43.34,$0.00,$0.00,One-Way,Crypto,0,2,1,None,Window,3,0,5.0,3635,1886,1,1,Counter,10.971941941614167,0,0
BK-10078,PAX-50777, 2026-02-04 ,web_portal,SkyWays,FL-177,JFK-LHR,Economy,18.0,Platinum,$143.08,$0.00,$71.18,$32.36,$0.00,Multi-City,PayPal,0,0,0,None,Middle,17,2,3.0,3451,4276,0,0,Kiosk,23.652999030982976,0,1
BK-10079,PAX-50333,2026-01-30,mobile_app,SkyWays,FL-282,CDG-JFK,Premium Economy,31.0,Platinum,$471.45,$0.00,$0.00,$31.02,$0.00,One-Way,PayPal,1,1,0,None,Window,22,10,1.0,3400,3366,0,1,Kiosk,23.16057830485842,0,1
BK-10080,PAX-50891,22/05/2026,web_portal,SkyWays,FL-462,JFK-LHR,Economy,74.0,Silver,$186.48,$36.67,$85.05,$0.00,$0.00,One-Way,PayPal,0,0,0,None,Window,8,0,5.0,3915,3863,1,0,Online,20.122576673951208,0,1
BK-10081,PAX-50396, 2026-03-11 ,mobile_app,Global Connect,FL-687,JFK-LHR,Business,47.0,,"$1,239.30",$44.75,$41.87,$34.41,$58.26,Round-Trip,Crypto,0,0,0,None,Window,9,8,4.0,3635,4624,0,0,Kiosk,16.272286668583163,0,1
BK-10082,PAX-50181,04/06/2026, Mobile_App ,Global Connect,FL-864,DXB-LHR,Economy,21.0,Gold,$174.35, 23.13 ,$35.52,$0.00,$0.00,Round-Trip,Apple Pay,0,2,1,None,Window,14,0,3.0,3400,648,0,0,Counter,21.014532775142474,0,1
BK-10083,PAX-50975,29/03/2026, Mobile_App ,SkyWays,FL-294,DXB-LHR,Economy,65.0,,$151.45,$65.50,$37.35, 53.72 ,$0.00,One-Way,Credit Card,0,1,1,None,Window,0,36,5.0,3915,4350,0,0,Counter,28.324981782717202,0,1
BK-10084,PAX-50338, 2026-06-25 ,WEB_PORTAL,AeroFly,FL-304,CDG-JFK,Business,44.0,Platinum,"$1,215.13",$41.41,$0.00,$0.00,$93.68,Round-Trip,PayPal,0,1,0,Halal,Aisle,11,0,5.0,3635,2558,0,1,Online,33.093277247245354,0,0
BK-10085,PAX-50987,"May 10, 2026",WEB_PORTAL,Oceanic Air,FL-347,DXB-LHR,Premium Economy,68.0,Platinum,$452.23,$54.06,$55.99, 17.67 ,$0.00,Round-Trip,Credit Card,0,1,1,None,Window,7,0,,3635,1636,0,0,Kiosk,8.061517767149061,0,1
BK-10086,PAX-50203,2026-03-06,Agency_API,Global Connect,FL-311,LAX-TYO,First Class,70.0,Silver,"$1,226.69",$51.19,$52.96,$12.39,$70.04,One-Way,Crypto,0,1,1,None,Window,11,0,3.0,3400,686,1,1,Counter,15.486479284508722,1,0
BK-10087,PAX-50489,"Jan 24, 2026", Mobile_App ,Global Connect,FL-954,DXB-LHR,Business,51.0,,"$1,240.90",$25.66,$0.00,$27.51,$89.84,Round-Trip,Credit Card,0,1,0,None,Aisle,3,0,2.0,3635,3354,0,1,Kiosk,15.109360422090962,0,1
BK-10088,PAX-50384,2026-03-12,mobile_app,Global Connect,FL-733,LAX-TYO,Premium Economy,,,$482.35,$59.09,$46.50,$42.39,$0.00,Round-Trip,Apple Pay,0,2,0,Gluten-Free,Window,66,6,4.0,3635,1750,0,0,Online,27.759116830198092,1,1
BK-10089,PAX-50564, 2026-01-01 ,mobile_app,Global Connect,FL-897,JFK-LHR,Business,,Gold,"$1,223.65",$61.92,$0.00,$0.00,$95.28,Multi-City,Crypto,0,2,1,None,Window,27,0,4.0,3451,1833,0,0,Counter,3.1122300806087893,0,0
BK-10090,PAX-50750, 2026-02-03 , Mobile_App ,Oceanic Air,FL-180,CDG-JFK,Business,31.0,Platinum,"$1,218.70",$0.00,$67.02,$0.00,$72.11,Round-Trip,Apple Pay,0,1,0,None,Window,34,0,4.0,3451,4693,0,0,Counter,21.083011158393276,0,0
BK-10091,PAX-50954,"Feb 11, 2026",web_portal,SkyWays,FL-779,DXB-LHR,Premium Economy,24.0,Silver,$497.40,$36.90,$82.97,$7.89,$0.00,One-Way,Credit Card,0,0,0,Gluten-Free,Aisle,46,13,1.0,3915,4650,0,0,Kiosk,16.4591381494858,1,0
BK-10092,PAX-50473,"May 22, 2026",WEB_PORTAL,Oceanic Air,FL-106,DXB-LHR,Economy,,Silver,$171.99,$0.00,$0.00,$0.00,$0.00,One-Way,Credit Card,0,3,0,None,Aisle,20,15,4.0,3635,3211,0,0,Online,27.82867649728584,0,0
BK-10093,PAX-50266,2026-05-24,WEB_PORTAL,Global Connect,FL-654,LAX-TYO,Business,42.0,Silver,"$1,230.55",$25.80,$0.00,$0.00,$74.70,One-Way,Apple Pay,1,1,1,None,Aisle,2,0,3.0,3635,2285,0,0,Counter,27.006233040026764,1,1
BK-10094,PAX-50479,2026-01-29,WEB_PORTAL,SkyWays,FL-968,LAX-TYO,Economy,51.0,Gold,$180.84,$0.00,$68.56,$0.00,$0.00,Round-Trip,PayPal,0,4,0,None,Window,23,0,3.0,5456,1250,0,0,Counter,20.193040408960158,0,1
BK-10095,PAX-50463,26/06/2026,Agency_API,Global Connect,FL-735,SIN-SYD,Economy,54.0,Gold,$155.86,$71.58,$0.00,$17.33,$0.00,One-Way,PayPal,0,0,1,Halal,Middle,26,0,5.0,3915,2262,0,1,Online,8.521661575729219,0,0
BK-10096,PAX-50314,2026-05-20,Agency_API,Global Connect,FL-688,JFK-LHR,Economy,29.0,,$197.44,$64.88, 62.62 ,$0.00,$0.00,Round-Trip,Crypto,0,2,0,None,Window,41,0,4.0,3915,4420,1,1,Online,14.556663105989202,1,1
BK-10097,PAX-50786,05/04/2026,web_portal,Oceanic Air,FL-602,LAX-TYO,Premium Economy,53.0,,$457.91,$62.70,$0.00,$0.00,$0.00,One-Way,Credit Card,0,0,1,Vegan,Aisle,16,0,,5456,4960,1,0,Counter,15.21365354031757,0,1
BK-10098,PAX-50373,21/04/2026,mobile_app,AeroFly,FL-882,SIN-SYD,Premium Economy,24.0,Silver,$498.94,$0.00,$58.78,$0.00,$0.00,Round-Trip,Apple Pay,0,1,1,None,Middle,4,16,5.0,3451,981,1,0,Kiosk,10.041271233279211,0,1
BK-10099,PAX-50818, 2026-01-11 ,web_portal,Global Connect,FL-386,CDG-JFK,Premium Economy,54.0,,$482.29,$30.16,$0.00,$42.37,$0.00,One-Way,Crypto,0,0,1,Halal,Middle,10,2,,3635,653,1,0,Kiosk,24.92750569115622,1,1
BK-10100,PAX-50799,2026-04-04,WEB_PORTAL,AeroFly,FL-868,CDG-JFK,Economy,47.0,Silver,$169.34,$37.62,$49.30,$0.00,$0.00,Round-Trip,Apple Pay,0,2,0,None,Window,13,48,4.0,3635,2024,0,0,Counter,9.279441016353564,0,0
BK-10101,PAX-50763,02/04/2026,WEB_PORTAL,Global Connect,FL-155,LAX-TYO,Economy,45.0,Gold,$173.63,$49.93,$0.00,$35.70,$0.00,Multi-City,PayPal,0,0,1,None,Window,31,0,5.0,3451,2620,0,1,Online,29.791965050722276,0,1
BK-10102,PAX-50173,24/06/2026,WEB_PORTAL,SkyWays,FL-533,JFK-LHR,Premium Economy,28.0,Silver,$483.30,$67.18,$31.76,$0.00,$0.00,One-Way,Apple Pay,0,1,0,None,Middle,25,0,4.0,3400,2843,0,0,Kiosk,29.77693580427275,0,1
BK-10103,PAX-50723,2026-06-20, Mobile_App ,AeroFly,FL-653,DXB-LHR,Economy,53.0,Gold,$174.41,$0.00,$0.00,$34.86,$0.00,Multi-City,Crypto,0,1,1,None,Middle,13,0,4.0,3915,1740,0,1,Counter,15.689638428842962,0,1
BK-10104,PAX-50750,"Apr 01, 2026",mobile_app,SkyWays,,DXB-LHR,Premium Economy,39.0,,$493.75,$57.10,$58.30,$54.89,$0.00,Round-Trip,Apple Pay,0,3,1,None,Aisle,129,0,4.0,3400,560,0,1,Online,19.970972220778897,0,1
BK-10105,PAX-50275,08/06/2026, Mobile_App ,Oceanic Air,FL-981,JFK-LHR,Economy,52.0,Gold,$160.71,$69.86,$43.97,$0.00,$0.00,Multi-City,Apple Pay,0,0,0,None,Window,27,0,4.0,5456,1438,0,1,Online,17.566299131577455,0,1
BK-10106,PAX-50646,02/03/2026,Agency_API,Oceanic Air,FL-278,DXB-LHR,Economy,46.0,Gold, 148.79 ,$0.00,$0.00,$0.00,$0.00,One-Way,Crypto,0,1,0,None,Aisle,8,0,3.0,3451,2139,0,1,Counter,23.410948802170143,1,1
BK-10107,PAX-50846,"Feb 15, 2026",Agency_API,Global Connect,FL-223,LAX-TYO,Economy,75.0,,$197.32,$24.98,$0.00,$0.00,$0.00,One-Way,PayPal,0,0,0,None,Aisle,3,0,5.0,5456,4620,0,1,Kiosk,25.648064031388557,0,1
BK-10108,PAX-50350,07/01/2026,web_portal,Oceanic Air,FL-571,DXB-LHR,Business,38.0,Silver,"$1,245.44",$53.70,$77.47,$59.62,$83.80,One-Way,PayPal,0,3,0,None,Aisle,4,0,5.0,3915,4726,0,1,Counter,19.5479819527204,0,0
BK-10109,PAX-50267,"Mar 27, 2026", Mobile_App ,SkyWays,FL-108,CDG-JFK,Economy,44.0,Gold,$184.84,$34.90,$86.87,$0.00,$0.00,Multi-City,Crypto,0,2,1,Gluten-Free,Aisle,8,0,4.0,5456,4069,0,0,Online,20.814700258686376,0,1
BK-10110,PAX-50573,21/06/2026,web_portal,SkyWays,,LAX-TYO,Economy,45.0,Platinum,$189.68,$0.00,$53.31,$0.00,$0.00,Round-Trip,Crypto,0,1,0,None,Aisle,5,0,5.0,3451,1752,0,0,Online,14.276374416362902,0,0
BK-10111,PAX-50488,10/03/2026,WEB_PORTAL,Global Connect,FL-694,LAX-TYO,Economy,38.0,Silver,$173.72,$0.00,$40.42,$0.00,$0.00,One-Way,Crypto,0,1,0,None,Aisle,6,0,4.0,3635,4703,0,0,Online,20.62028380134203,0,1
BK-10112,PAX-50376,2026-06-29, Mobile_App ,SkyWays,FL-470,CDG-JFK,Premium Economy,54.0,,$446.55,$0.00,$0.00,$0.00,$0.00,One-Way,Apple Pay,0,0,0,None,Middle,10,0,3.0,5456,671,0,0,Counter,18.976572473543886,0,0
BK-10113,PAX-50755,2026-04-08,WEB_PORTAL,Global Connect,FL-365,DXB-LHR,Business,42.0,,"$1,204.36",$48.48,$51.53,$0.00,$59.92,One-Way,Credit Card,0,1,0,None,Aisle,5,0,4.0,3635,1958,0,1,Online,12.529233067491859,1,1
BK-10114,PAX-50804,01/05/2026,Agency_API,AeroFly,FL-369,DXB-LHR,Economy,65.0,Silver,$194.31,$0.00,$51.10,$34.65,$0.00,Round-Trip,Crypto,0,4,1,None,Window,68,2,4.0,5456,4049,0,1,Counter,17.915777343941333,0,0
BK-10115,PAX-50670,"Feb 21, 2026",WEB_PORTAL,SkyWays,FL-582,JFK-LHR,Economy,46.0,,$153.97,$42.78,$0.00,$9.50,$0.00,One-Way,Crypto,0,5,0,None,Aisle,2,8,5.0,3400,4697,0,1,Kiosk,15.70090489208356,0,1
BK-10116,PAX-50324, 2026-03-31 , Mobile_App ,Oceanic Air,FL-451,LAX-TYO,Economy,43.0,,$159.82,$24.04,$80.20,$43.66,$0.00,Round-Trip,PayPal,0,2,0,Halal,Middle,22,1,4.0,5456,2822,0,0,Kiosk,14.343026509091647,0,0
BK-10117,PAX-50801,28/02/2026,web_portal,Oceanic Air,FL-610,DXB-LHR,Economy,,Platinum,$180.87,$32.73,$62.53,$20.85,$0.00,Round-Trip,Apple Pay,0,0,1,None,Window,15,86,2.0,5456,2136,0,0,Kiosk,11.121052754402593,0,0
BK-10118,PAX-50432,07/01/2026,web_portal,Global Connect,FL-529,DXB-LHR,Business,,,"$1,247.87",$0.00,$0.00,$57.45,$92.60,One-Way,Crypto,0,3,1,Gluten-Free,Window,121,0,5.0,3915,3615,1,0,Counter,18.375016399496857,0,1
BK-10119,PAX-50963, 2026-04-13 ,mobile_app,AeroFly,FL-481,CDG-JFK,Business,19.0,Silver,"$1,199.48",$58.81,$0.00,$0.00,$108.53,Round-Trip,PayPal,1,0,1,None,Aisle,3,0,5.0,3635,4590,0,0,Online,13.317155962047938,0,0
BK-10120,PAX-50886,2026-03-13, Mobile_App ,Global Connect,FL-510,LAX-TYO,First Class,74.0,,"$1,242.84",$62.06,$31.20,$30.56,$92.90,Round-Trip,Apple Pay,0,2,1,None,Window,15,10,2.0,5456,3504,0,1,Online,15.173350966183804,0,1
BK-10121,PAX-50894, 2026-03-13 ,web_portal,AeroFly,FL-284,DXB-LHR,Economy,37.0,Silver,$179.03,$20.86,$0.00, 58.42 ,$0.00,One-Way,PayPal,0,3,0,None,Aisle,104,0,2.0,3451,829,0,0,Kiosk,24.450745651303734,0,0
BK-10122,PAX-50157,"Jun 14, 2026",web_portal,Oceanic Air,FL-689,SIN-SYD,Business,31.0,Platinum,"$1,207.23", 19.03 ,$78.39,$0.00,$101.15,Round-Trip,Apple Pay,0,1,0,Gluten-Free,Window,60,0,5.0,3915,4140,0,0,Online,21.792696607610267,0,1
BK-10123,PAX-50334, 2026-06-23 ,Agency_API,SkyWays,FL-933,JFK-LHR,Business,19.0,Platinum,"$1,193.55",$16.36,$0.00,$24.72,$57.20,One-Way,Crypto,0,0,1,None,Window,50,0,4.0,5456,4394,1,1,Kiosk,12.127400112832479,0,0
BK-10124,PAX-50941,2026-01-08,WEB_PORTAL,SkyWays,FL-376,SIN-SYD,Economy,62.0,Platinum,$179.14,$0.00,$82.09,$21.10,$0.00,One-Way,Credit Card,0,4,1,None,Aisle,8,0,4.0,3915,4607,0,0,Kiosk,20.111346407438617,0,1
BK-10125,PAX-50132,08/03/2026,mobile_app,Global Connect,FL-668,DXB-LHR,Economy,53.0,,$184.32,$70.80,$0.00,$0.00,$0.00,One-Way,Apple Pay,0,2,1,None,Window,5,0,4.0,3400,1841,0,1,Kiosk,18.79668418958493,0,0
BK-10126,PAX-50924, 2026-05-29 , Mobile_App ,AeroFly,FL-490,CDG-JFK,Premium Economy,54.0,Platinum,$442.24,$48.11,$38.50,$0.00,$0.00,One-Way,Crypto,0,3,1,Halal,Aisle,33,13,4.0,3400,4163,1,1,Counter,28.210177251200765,0,1
BK-10127,PAX-50423,2026-01-10, Mobile_App ,SkyWays,FL-919,LAX-TYO,Economy,27.0,,$165.07,$42.72,$51.89,$0.00,$0.00,Round-Trip,Credit Card,1,1,1,None,Window,79,0,4.0,3400,715,0,1,Online,26.298870005233645,0,0
BK-10128,PAX-50510,"Jun 02, 2026",web_portal,SkyWays,FL-253,DXB-LHR,Premium Economy,,, 496.04 ,$26.18,$69.73,$0.00,$0.00,Round-Trip,PayPal,0,1,0,None,Window,24,0,4.0,3635,838,1,0,Online,8.797507645740984,0,1
BK-10129,PAX-50374, 2026-03-30 , Mobile_App ,AeroFly,FL-109,JFK-LHR,Premium Economy,27.0,Gold,$490.17,$59.24,$0.00,$0.00,$0.00,Round-Trip,Crypto,0,1,1,None,Middle,25,0,4.0,3400,4562,0,0,Counter,23.166766013751605,0,1
BK-10130,PAX-50167,2026-04-22,web_portal,AeroFly,FL-611,DXB-LHR,Economy,,,$151.18, 40.77 ,$0.00,$46.39,$0.00,One-Way,Apple Pay,0,0,1,None,Aisle,9,1,3.0,3635,3208,0,0,Online,25.591183509742194,0,0
BK-10131,PAX-50316,09/04/2026, Mobile_App ,Oceanic Air,FL-969,DXB-LHR,Business,55.0,,"$1,242.34",$0.00,$73.94,$0.00,$106.43,One-Way,Credit Card,0,1,0,Vegan,Window,44,20,4.0,3400,3652,0,0,Kiosk,21.356155252369987,0,1
BK-10132,PAX-50680,2026-03-07, Mobile_App ,Oceanic Air,FL-646,JFK-LHR,Economy,34.0,,$142.25,$0.00,$59.23,$15.01,$0.00,Multi-City,Credit Card,0,0,0,None,Aisle,6,3,4.0,3451,2250,0,0,Counter,15.987527137834855,0,1
BK-10133,PAX-50997,2026-04-22,Agency_API,Oceanic Air,FL-904,SIN-SYD,Economy,23.0,Platinum,$176.17,$62.76,$63.72,$63.89, 76.83 ,Round-Trip,PayPal,0,1,1,None,Aisle,11,0,4.0,3451,2921,0,0,Online,32.480363490702814,0,1
BK-10134,PAX-50835,14/05/2026,WEB_PORTAL,AeroFly,FL-356,CDG-JFK,Economy,54.0,,$160.10,$47.21,$51.41,$0.00,$0.00,One-Way,Credit Card,0,0,0,None,Aisle,16,0,5.0,3451,1209,0,0,Kiosk,21.908455685562135,0,1
BK-10135,PAX-50422,"Apr 04, 2026",mobile_app,Oceanic Air,FL-681,LAX-TYO,Economy,64.0,Silver,$178.48,$0.00,$52.70,$33.96,$0.00,Multi-City,Apple Pay,0,2,1,None,Aisle,21,0,4.0,5456,4226,0,0,Online,29.859265642369365,0,0
BK-10136,PAX-50317, 2026-01-18 ,mobile_app,SkyWays,,CDG-JFK,Economy,,Gold,$193.36,$0.00,$0.00,$0.00,$0.00,Round-Trip,Crypto,0,1,0,None,Aisle,8,0,,3400,4142,0,0,Kiosk,26.108870576841042,1,0
BK-10137,PAX-50771, 2026-06-09 ,WEB_PORTAL,Global Connect,FL-267,JFK-LHR,Economy,48.0,,$170.25,$44.37,$0.00,$51.75,$0.00,One-Way,Apple Pay,0,0,0,Halal,Window,3,0,5.0,5456,4493,0,1,Counter,20.784807961339823,0,0
BK-10138,PAX-50611,2026-06-19,WEB_PORTAL,Oceanic Air,FL-933,CDG-JFK,Premium Economy,70.0,Silver,$488.53,$38.32,$0.00,$57.80,$0.00,One-Way,PayPal,0,1,0,Vegan,Middle,28,34,3.0,3400,988,0,0,Counter,14.521794531158235,0,1
BK-10139,PAX-50505, 2026-03-18 ,web_portal,AeroFly,FL-959,DXB-LHR,Economy,62.0,Platinum,$183.87,$0.00,$64.37,$33.98,$0.00,One-Way,Credit Card,1,3,1,Halal,Aisle,10,0,3.0,3635,546,0,0,Counter,17.855370731084992,0,1
BK-10140,PAX-50758,"Jun 20, 2026",WEB_PORTAL,SkyWays,FL-560,JFK-LHR,Economy,24.0,, 183.12 ,$42.47,$64.05,$31.44,$0.00,Round-Trip,Apple Pay,0,1,0,None,Window,26,0,5.0,3451,3859,0,0,Kiosk,16.66852528323868,0,1
BK-10141,PAX-50569,"Mar 25, 2026",web_portal,Global Connect,FL-366,CDG-JFK,Premium Economy,37.0,Platinum,$460.23,$63.04,$0.00,$5.74,$0.00,Round-Trip,Apple Pay,0,0,0,None,Window,5,3,3.0,3635,900,1,0,Kiosk,10.71288626610438,0,0
BK-10142,PAX-50246, 2026-06-28 ,WEB_PORTAL,Oceanic Air,FL-673,LAX-TYO,Economy,,Silver,$180.46,$55.33,$66.68,$49.62,$0.00,Round-Trip,Credit Card,0,1,0,None,Aisle,19,3,5.0,3915,4490,0,0,Kiosk,21.901689449758216,0,0
BK-10143,PAX-50371,22/05/2026,WEB_PORTAL,AeroFly,FL-929,SIN-SYD,Premium Economy,42.0,Platinum,$476.66,$0.00,$0.00,$0.00,$0.00,Multi-City,Credit Card,1,0,0,Gluten-Free,Aisle,22,0,5.0,3635,3657,0,0,Kiosk,27.404118011756452,0,1
BK-10144,PAX-50242,"Feb 19, 2026",WEB_PORTAL,Oceanic Air,FL-120,CDG-JFK,Economy,,Platinum,$164.33,$0.00,$49.87,$57.39,$0.00,One-Way,Apple Pay,0,3,1,None,Aisle,1,0,3.0,3400,4845,0,0,Counter,16.210179032691318,0,1
BK-10145,PAX-50352,"Jun 20, 2026",mobile_app,Oceanic Air,FL-459,JFK-LHR,Premium Economy,,,$459.68,$23.48,$0.00,$42.09,$0.00,Round-Trip,Apple Pay,1,0,1,None,Window,12,0,3.0,5456,890,0,0,Counter,30.981938995348422,0,0
BK-10146,PAX-50862,23/06/2026,Agency_API,Oceanic Air,FL-720,JFK-LHR,Business,40.0,Gold,"$1,195.72",$49.49,$0.00,$33.92, 111.35 ,Round-Trip,PayPal,0,0,1,Vegan,Window,4,0,4.0,3400,4353,0,0,Counter,8.654503284829598,0,1
BK-10147,PAX-50674, 2026-06-07 ,Agency_API,AeroFly,FL-689,LAX-TYO,Economy,45.0,,$168.65,$47.24,$87.78,$13.92,$0.00,Round-Trip,Credit Card,0,0,1,None,Window,1,0,5.0,3400,4930,0,1,Counter,24.32618129032322,0,1
BK-10148,PAX-50651,2026-04-14, Mobile_App ,Oceanic Air,FL-651,JFK-LHR,Premium Economy,73.0,Platinum,$440.41,$25.39,$73.76, 41.77 ,$0.00,Round-Trip,Apple Pay,0,2,1,Halal,Window,138,0,5.0,3915,1128,0,1,Kiosk,28.02912141243246,0,1
BK-10149,PAX-50369, 2026-03-19 ,web_portal,SkyWays,FL-899,JFK-LHR,Premium Economy,,,$466.80,$0.00,$0.00,$35.33,$0.00,Round-Trip,PayPal,0,0,1,None,Window,11,0,4.0,3635,4732,1,0,Kiosk,16.775816514113636,0,1
BK-10150,PAX-50864,"Feb 23, 2026",Agency_API,Global Connect,FL-432,CDG-JFK,Premium Economy,65.0,,$459.78,$0.00,$0.00,$0.00,$0.00,Round-Trip,Apple Pay,0,3,1,None,Aisle,49,0,,3915,3430,0,0,Online,16.883660969142714,0,1
BK-10151,PAX-50698, 2026-05-29 ,mobile_app,Oceanic Air,FL-599,JFK-LHR,Economy,56.0,Platinum,$174.37,$52.16,$51.03,$0.00,$0.00,One-Way,Crypto,0,1,0,None,Aisle,8,0,4.0,3451,2021,0,0,Kiosk,24.25659105506641,1,1
BK-10152,PAX-50538,"Apr 30, 2026",WEB_PORTAL,AeroFly,FL-557,SIN-SYD,Premium Economy,58.0,Gold,$461.57,$44.08,$32.89,$24.24,$0.00,Round-Trip,PayPal,0,1,0,Halal,Aisle,34,0,4.0,3915,1326,0,0,Online,21.035946659757208,1,1
BK-10153,PAX-50697,24/04/2026, Mobile_App ,Oceanic Air,FL-490,CDG-JFK,Premium Economy,42.0,Silver,$480.07,$48.69,$39.98,$0.00,$0.00,Round-Trip,Crypto,0,0,0,None,Aisle,42,0,3.0,3400,2000,1,0,Online,6.015531939242958,0,1
BK-10154,PAX-50508,"May 11, 2026",Agency_API,SkyWays,FL-574,DXB-LHR,Economy,,Silver,$149.58,$44.50,$51.07,$38.03,$0.00,Round-Trip,Credit Card,0,0,1,None,Aisle,27,0,4.0,3915,3794,0,1,Kiosk,12.939761072763716,0,1
BK-10155,PAX-50470,2026-02-13,mobile_app,Oceanic Air,FL-248,DXB-LHR,Economy,38.0,Silver,$195.39,$25.04,$77.32,$9.73,$0.00,One-Way,Credit Card,0,0,1,Vegan,Middle,19,0,1.0,5456,2919,0,0,Counter,17.91870271171524,0,1
BK-10156,PAX-50324, 2026-03-14 ,WEB_PORTAL,Oceanic Air,FL-755,DXB-LHR,Economy,27.0,,$186.19, 28.23 ,$43.53,$10.28,$0.00,One-Way,Crypto,0,0,0,None,Middle,15,0,3.0,3635,1434,0,0,Counter,9.781810921889598,0,1
BK-10157,PAX-50241,24/01/2026,Agency_API,AeroFly,FL-445,CDG-JFK,First Class,62.0,,"$1,228.32",$0.00, 32.0 ,$0.00,$57.39,Round-Trip,Credit Card,0,2,0,None,Middle,12,0,4.0,3400,3542,0,1,Counter,15.154954101420579,0,0
BK-10158,PAX-50621, 2026-06-22 , Mobile_App ,SkyWays,FL-727,SIN-SYD,Economy,21.0,Silver,$162.05,$0.00,$0.00, 49.71 ,$0.00,Round-Trip,Credit Card,0,0,0,Halal,Middle,79,0,,5456,4997,0,1,Online,9.931887448536395,0,0
BK-10159,PAX-50605,27/02/2026,WEB_PORTAL,Oceanic Air,FL-969,CDG-JFK,Economy,43.0,Silver,$197.44,$48.94,$0.00,$0.00,$0.00,Round-Trip,Crypto,0,1,1,None,Window,53,0,4.0,3635,1966,0,0,Kiosk,15.778976216679657,0,0
BK-10160,PAX-50193,2026-02-07,WEB_PORTAL,SkyWays,FL-181,SIN-SYD,Economy,66.0,Gold,$167.30,$45.65,$0.00,$0.00,$0.00,One-Way,Apple Pay,0,0,1,None,Window,100,0,4.0,3915,4061,0,1,Counter,15.980263636073035,0,0
BK-10161,PAX-50873,12/01/2026,web_portal,Oceanic Air,FL-333,LAX-TYO,Economy,50.0,Gold,$162.42,$0.00,$39.65,$54.55,$0.00,Round-Trip,PayPal,0,1,1,None,Aisle,3,0,5.0,5456,1114,1,0,Online,20.11052805956228,0,1
BK-10162,PAX-50148,2026-05-02,mobile_app,Oceanic Air,FL-768,SIN-SYD,Economy,,,$194.77,$74.45,$88.68,$43.25,$0.00,Round-Trip,Apple Pay,0,2,1,None,Aisle,39,9,3.0,5456,1682,0,1,Counter,17.449444056002996,0,1
BK-10163,PAX-50981,"Apr 27, 2026",WEB_PORTAL,Oceanic Air,FL-373,LAX-TYO,Business,68.0,Silver,"$1,238.12",$60.60,$83.59,$44.28,$89.72,Round-Trip,Crypto,0,1,0,None,Window,83,0,4.0,3400,3723,0,1,Counter,21.016738326244536,1,0
BK-10164,PAX-50212,11/06/2026,mobile_app,Global Connect,FL-504,DXB-LHR,Premium Economy,26.0,,$485.71,$0.00,$69.22,$0.00,$0.00,One-Way,Credit Card,1,2,1,None,Aisle,5,0,1.0,3400,3167,0,1,Kiosk,20.301264044843528,0,1
BK-10165,PAX-50256,"Jun 28, 2026",mobile_app,SkyWays,FL-555,DXB-LHR,Economy,48.0,,$175.75,$59.16,$33.21,$54.00,$0.00,Multi-City,Apple Pay,0,0,0,Vegan,Aisle,2,0,5.0,3451,630,1,1,Kiosk,24.188039965585862,1,1
BK-10166,PAX-50742,"May 07, 2026",WEB_PORTAL,Oceanic Air,FL-471,CDG-JFK,Economy,21.0,,$171.53,$0.00,$54.56,$0.00,$0.00,Round-Trip,Crypto,1,0,1,None,Aisle,40,0,5.0,3451,3483,1,1,Kiosk,23.242698245760696,0,1
BK-10167,PAX-50263,04/03/2026,WEB_PORTAL,Oceanic Air,FL-633,CDG-JFK,Premium Economy,34.0,Gold,$461.71,$16.93,$62.41,$41.00,$0.00,Round-Trip,Credit Card,0,1,0,None,Middle,25,0,3.0,3451,4778,0,0,Kiosk,22.6087430108083,0,1
BK-10168,PAX-50911,2026-06-17,web_portal,Global Connect,FL-523,DXB-LHR,Business,,,"$1,196.73",$20.22,$0.00,$0.00,$59.67,One-Way,Credit Card,0,3,1,Vegan,Window,55,0,5.0,3400,4959,0,1,Kiosk,36.629204570800326,0,1
BK-10169,PAX-50796,"Jan 28, 2026", Mobile_App ,AeroFly,FL-974,LAX-TYO,Premium Economy,67.0,Silver,$494.17,$0.00,$0.00,$0.00,$0.00,Round-Trip,Apple Pay,0,1,0,Halal,Window,4,0,4.0,3451,538,1,1,Online,20.084415819853973,0,0
BK-10170,PAX-50532,26/02/2026, Mobile_App ,Global Connect,,JFK-LHR,Business,66.0,,"$1,222.20",$27.59,$0.00,$0.00,$68.37,Round-Trip,PayPal,0,2,0,None,Aisle,47,12,3.0,3635,4459,0,0,Counter,33.56142902315317,1,1
BK-10171,PAX-50710,"Jun 28, 2026",WEB_PORTAL,Oceanic Air,FL-777,DXB-LHR,Premium Economy,,,$491.27,$66.66,$59.46,$5.13,$0.00,One-Way,Crypto,0,2,0,None,Window,6,1,4.0,3915,4087,0,1,Counter,20.4733104134636,0,1
BK-10172,PAX-50165,13/01/2026,WEB_PORTAL,Global Connect,FL-861,JFK-LHR,Business,49.0,,"$1,230.82",$51.97,$0.00,$52.99,$75.70,Round-Trip,Credit Card,0,0,0,Gluten-Free,Middle,5,22,5.0,3400,1420,1,0,Counter,17.502894511164648,0,0
BK-10173,PAX-50494,"Feb 01, 2026",Agency_API,AeroFly,FL-181,LAX-TYO,Economy,54.0,Silver,$169.33,$63.33,$0.00,$0.00,$0.00,Multi-City,Apple Pay,1,0,0,Vegan,Window,5,0,4.0,3451,3269,0,0,Online,15.761008906720818,1,0
BK-10174,PAX-50490,"Feb 04, 2026",WEB_PORTAL,SkyWays,FL-506,LAX-TYO,Premium Economy,57.0,Silver,$466.73,$50.81,$67.51,$0.00,$107.92,Multi-City,Credit Card,0,0,1,None,Aisle,50,9,4.0,5456,4611,0,1,Kiosk,27.058354790690576,0,1
BK-10175,PAX-50710, 2026-06-20 ,Agency_API,Global Connect,FL-165,CDG-JFK,Economy,51.0,,$147.92,$32.56,$0.00,$34.55,$0.00,Round-Trip,Credit Card,0,0,1,Gluten-Free,Aisle,32,11,4.0,3451,992,0,0,Online,27.843020357327628,0,0
BK-10176,PAX-50579,"Apr 24, 2026", Mobile_App ,Oceanic Air,FL-584,SIN-SYD,Economy,22.0,,$173.83,$45.86,$0.00,$29.55,$0.00,Round-Trip,Credit Card,0,1,0,None,Window,22,0,5.0,5456,1631,0,0,Counter,21.598703135788373,0,1
BK-10177,PAX-50641,"May 21, 2026", Mobile_App ,Global Connect,FL-126,JFK-LHR,Economy,45.0,Gold,$180.37,$23.14,$88.62,$0.00,$0.00,One-Way,PayPal,0,1,0,None,Aisle,13,0,5.0,3635,4021,0,1,Online,24.801280647016235,0,1
BK-10178,PAX-50357,"Feb 10, 2026",web_portal,Global Connect,FL-636,DXB-LHR,Economy,54.0,Platinum,$141.31,$18.56,$0.00,$0.00,$0.00,Round-Trip,Crypto,0,0,1,Vegan,Aisle,62,0,4.0,3451,810,0,0,Kiosk,10.3366772044615,0,1
BK-10179,PAX-50666, 2026-04-26 , Mobile_App ,SkyWays,FL-185,LAX-TYO,First Class,,,"$1,190.18",$57.09,$58.26,$17.94,$64.44,One-Way,PayPal,0,1,0,None,Aisle,14,0,5.0,3400,1238,0,0,Kiosk,8.70732106492673,0,0
BK-10180,PAX-50981, 2026-03-05 ,Agency_API,SkyWays,FL-732,DXB-LHR,Economy,45.0,,$144.38,$0.00,$0.00,$0.00,$0.00,Round-Trip,Credit Card,0,0,0,None,Aisle,50,0,4.0,3915,3741,0,1,Kiosk,25.47796131478472,0,1
BK-10181,PAX-50111,"May 14, 2026",mobile_app,AeroFly,FL-770,SIN-SYD,Business,30.0,Platinum,"$1,232.02",$29.85,$53.25,$0.00,$94.67,Round-Trip,Apple Pay,0,3,1,None,Window,17,8,5.0,3400,1045,0,0,Kiosk,17.23913101258187,1,0
BK-10182,PAX-50796,10/06/2026,mobile_app,Global Connect,FL-499,CDG-JFK,Premium Economy,56.0,Gold,$443.62,$23.53,$0.00,$7.79,$0.00,Multi-City,Crypto,1,1,1,None,Window,14,7,4.0,3635,2961,0,1,Online,22.495814504385017,0,1
BK-10183,PAX-50838,"Mar 12, 2026", Mobile_App ,Oceanic Air,FL-353,JFK-LHR,Economy,67.0,Gold,$199.17,$37.51,$0.00,$12.39,$0.00,One-Way,Credit Card,0,0,0,None,Window,18,0,4.0,5456,4846,0,1,Kiosk,13.69627230026353,0,1
BK-10184,PAX-50217, 2026-01-20 ,mobile_app,SkyWays,FL-553,SIN-SYD,Economy,40.0,Silver,$157.23,$61.13,$0.00,$0.00,$0.00,Round-Trip,PayPal,0,3,0,None,Middle,10,0,4.0,5456,2304,0,0,Counter,27.941930818228652,0,1
BK-10185,PAX-50798, 2026-03-02 ,WEB_PORTAL,SkyWays,FL-234,DXB-LHR,First Class,69.0,Gold,"$1,198.13",$56.68,$45.80,$35.25,$83.74,Round-Trip,Crypto,0,1,0,None,Aisle,41,0,4.0,3451,3712,0,1,Counter,8.757487968665782,0,1
BK-10186,PAX-50649, 2026-03-27 , Mobile_App ,Global Connect,FL-274,JFK-LHR,Business,27.0,Platinum,"$1,233.76",$44.28,$39.07,$0.00,$93.84,One-Way,Credit Card,0,2,0,None,Window,20,0,5.0,5456,4310,0,1,Counter,9.686489481103868,0,0
BK-10187,PAX-50868,2026-05-19,WEB_PORTAL,Oceanic Air,,CDG-JFK,Business,70.0,,"$1,212.47",$65.83,$0.00,$38.19,$69.62,One-Way,Crypto,0,2,1,None,Window,7,0,4.0,5456,1313,0,1,Counter,26.66586950227407,0,1
BK-10188,PAX-50373,05/02/2026,Agency_API,AeroFly,FL-981,DXB-LHR,Economy,61.0,Silver,$166.91,$53.09,$78.49,$60.46,$0.00,One-Way,PayPal,0,0,1,None,Window,68,0,5.0,3451,4624,0,0,Counter,2.340949242102596,0,1
BK-10189,PAX-50887,"Mar 01, 2026",WEB_PORTAL,SkyWays,FL-984,SIN-SYD,Economy,66.0,Gold,$162.65,$62.74,$43.65,$46.51,$0.00,Round-Trip,Crypto,0,3,1,None,Aisle,14,0,4.0,5456,2532,0,0,Counter,20.2714132085695,0,1
BK-10190,PAX-50756,27/06/2026,WEB_PORTAL,SkyWays,FL-991,DXB-LHR,Premium Economy,23.0,Gold,$497.85,$64.49,$0.00,$11.21,$0.00,Round-Trip,Crypto,0,2,1,Halal,Aisle,23,0,4.0,3635,4913,0,0,Online,17.35604402642054,0,0
BK-10191,PAX-50448,30/06/2026, Mobile_App ,Oceanic Air,FL-378,SIN-SYD,First Class,,,"$1,197.98",$32.02,$87.94,$24.31,$108.45,Round-Trip,Apple Pay,0,1,0,None,Window,71,0,3.0,3915,744,0,0,Online,13.58428848479982,1,0
BK-10192,PAX-50214,"Jan 17, 2026",web_portal,Oceanic Air,FL-238,SIN-SYD,Economy,,,$147.12,$0.00,$64.36,$0.00,$0.00,Round-Trip,PayPal,1,2,1,None,Aisle,29,12,4.0,3635,771,0,0,Online,16.800360908457787,0,0
BK-10193,PAX-50400, 2026-04-15 , Mobile_App ,Oceanic Air,FL-814,SIN-SYD,Economy,27.0,Gold,$163.58,$62.30,$0.00,$46.55,$0.00,Round-Trip,Crypto,0,2,0,None,Middle,3,0,4.0,3635,4011,0,0,Kiosk,12.914859041461138,0,1
BK-10194,PAX-50545,"May 19, 2026",web_portal,SkyWays,FL-705,JFK-LHR,First Class,70.0,Platinum,"$1,248.72",$17.76,$0.00,$0.00,$86.00,Round-Trip,Apple Pay,0,0,0,Halal,Window,84,0,,3635,2271,0,1,Kiosk,27.253535676290994,0,1
BK-10195,PAX-50261,2026-04-17,mobile_app,SkyWays,FL-746,CDG-JFK,Premium Economy,39.0,Silver,$485.37,$15.98,$32.08,$0.00,$0.00,Multi-City,Credit Card,0,1,0,None,Aisle,29,2,5.0,3635,1762,0,0,Counter,28.82698253016966,0,1
BK-10196,PAX-50564,"Feb 22, 2026",WEB_PORTAL,Oceanic Air,FL-998,JFK-LHR,Economy,25.0,Gold,$167.78,$0.00,$64.29,$0.00,$0.00,Round-Trip,Crypto,0,3,0,None,Window,12,3,5.0,3400,2924,0,1,Kiosk,13.885574479269932,0,1
BK-10197,PAX-50103,2026-04-10, Mobile_App ,Oceanic Air,FL-636,CDG-JFK,Business,48.0,,"$1,215.45",$74.51,$0.00,$13.29,$107.71,One-Way,Crypto,0,1,1,None,Window,4,0,4.0,3451,4861,0,1,Online,19.653149264811187,0,0
BK-10198,PAX-50839,"May 28, 2026",Agency_API,Oceanic Air,FL-646,SIN-SYD,Economy,,,$153.78,$69.56,$56.94,$35.74,$0.00,One-Way,Crypto,0,1,1,None,Window,47,29,5.0,3451,1420,0,0,Counter,10.049541174383716,0,0
BK-10199,PAX-50996,2026-05-03,Agency_API,AeroFly,FL-455,DXB-LHR,Economy,52.0,Gold,$149.31,$67.47,$0.00,$23.83,$0.00,Multi-City,Apple Pay,0,2,0,None,Aisle,29,0,5.0,3451,3930,0,0,Online,24.438312954018762,0,1
BK-10200,PAX-50836, 2026-04-01 ,Agency_API,SkyWays,FL-332,CDG-JFK,Business,52.0,Gold,"$1,242.51",$0.00,$0.00,$18.04,$68.00,Round-Trip,PayPal,0,0,0,None,Aisle,22,0,4.0,5456,4935,0,1,Counter,24.282055047859885,1,1
BK-10201,PAX-50369,"Apr 10, 2026",web_portal,SkyWays,FL-552,LAX-TYO,Economy,34.0,Gold,$141.93,$19.95,$0.00,$46.20,$0.00,Round-Trip,Credit Card,0,2,1,None,Aisle,67,0,5.0,3915,4984,0,1,Kiosk,16.228426603753864,0,1
BK-10202,PAX-50612,18/05/2026, Mobile_App ,Global Connect,FL-522,SIN-SYD,Premium Economy,57.0,Gold,$476.90,$18.11,$0.00,$0.00,$0.00,Round-Trip,Credit Card,0,0,1,Halal,Aisle,46,43,5.0,3451,3124,1,0,Counter,18.101310350519373,0,0
BK-10203,PAX-50880,05/05/2026,WEB_PORTAL,AeroFly,FL-410,LAX-TYO,Premium Economy,27.0,Gold,$493.34,$60.31,$0.00,$63.51,$0.00,One-Way,PayPal,0,1,0,None,Aisle,4,7,4.0,3451,4260,0,1,Online,17.437407302863974,0,1
BK-10204,PAX-50282,"Mar 11, 2026",web_portal,SkyWays,,CDG-JFK,Economy,60.0,Gold,$144.04,$0.00,$42.12,$43.21,$0.00,Round-Trip,Apple Pay,0,2,1,None,Window,11,4,3.0,3915,2550,1,1,Kiosk,8.289252997918346,0,1
BK-10205,PAX-50619,2026-05-05,mobile_app,AeroFly,FL-876,CDG-JFK,Economy,,,$166.79,$0.00,$0.00,$38.74,$0.00,One-Way,Apple Pay,0,0,0,None,Aisle,8,0,4.0,3400,4000,1,0,Online,27.276024885600762,0,1
BK-10206,PAX-50208, 2026-04-10 , Mobile_App ,Global Connect,FL-452,JFK-LHR,First Class,60.0,,"$1,242.33",$0.00,$49.18,$47.61,$89.96,One-Way,PayPal,0,2,1,None,Middle,40,0,3.0,5456,1665,0,0,Kiosk,13.398280566705415,0,1
BK-10207,PAX-50991,"Jun 21, 2026",mobile_app,SkyWays,FL-647,CDG-JFK,First Class,34.0,,"$1,192.65",$0.00,$35.22,$37.03,$92.39,Multi-City,Crypto,0,4,0,None,Middle,1,15,4.0,3635,875,0,1,Online,13.439104366452472,0,1
BK-10208,PAX-50740,"Feb 12, 2026",Agency_API,Global Connect,,LAX-TYO,Economy,36.0,Silver,$172.39,$46.17,$81.40,$0.00,$0.00,Round-Trip,Credit Card,1,0,0,None,Aisle,25,0,4.0,3451,2533,0,0,Online,17.097480873229003,0,0
BK-10209,PAX-50405,2026-02-02, Mobile_App ,Global Connect,FL-873,LAX-TYO,Premium Economy,62.0,Gold,$486.56,$0.00,$30.74,$0.00,$0.00,Round-Trip,Credit Card,0,2,0,None,Aisle,43,0,2.0,3635,645,0,0,Counter,23.973291512173674,1,0
BK-10210,PAX-50961,2026-04-11,mobile_app,AeroFly,FL-109,DXB-LHR,Economy,21.0,Gold,$199.61,$22.24,$76.90,$0.00,$0.00,One-Way,Crypto,0,1,0,None,Window,62,7,4.0,3400,4888,0,0,Kiosk,14.452180709447815,0,1
BK-10211,PAX-50754,"Jan 22, 2026",web_portal,SkyWays,FL-917,LAX-TYO,Business,18.0,Silver,"$1,244.98",$43.66,$0.00,$0.00,$90.79,One-Way,Apple Pay,0,1,1,Halal,Window,12,0,3.0,5456,931,0,1,Online,6.286888671579334,0,1
BK-10212,PAX-50619,"Feb 04, 2026",Agency_API,SkyWays,FL-336,LAX-TYO,Economy,,,$174.65,$0.00,$64.96,$0.00,$0.00,Round-Trip,Crypto,0,1,1,None,Window,51,0,4.0,5456,1204,0,1,Kiosk,12.678011635622795,0,1
BK-10213,PAX-50723,2026-02-16,WEB_PORTAL,SkyWays,FL-661,SIN-SYD,Economy,60.0,Platinum,$189.10,$21.19,$0.00,$0.00,$0.00,Round-Trip,Credit Card,0,0,1,None,Window,3,0,5.0,3451,3132,0,0,Counter,20.54484251447394,0,0
BK-10214,PAX-50303,"Mar 08, 2026",WEB_PORTAL,SkyWays,FL-521,SIN-SYD,Premium Economy,60.0,Gold,$492.58,$0.00,$0.00,$0.00,$86.36,One-Way,PayPal,1,0,0,Halal,Window,56,2,3.0,3635,4994,0,1,Online,31.13850172685512,0,0
BK-10215,PAX-50256,25/03/2026,WEB_PORTAL,Global Connect,FL-547,CDG-JFK,Economy,24.0,Silver,$171.28,$63.80,$77.14,$64.01,$0.00,One-Way,Credit Card,0,2,0,Gluten-Free,Aisle,4,18,5.0,5456,1463,1,1,Counter,10.440480201761066,0,0
BK-10216,PAX-50482, 2026-04-27 ,WEB_PORTAL,AeroFly,FL-267,JFK-LHR,Economy,,Silver,$156.51,$55.63,$82.67,$0.00,$0.00,One-Way,Credit Card,0,2,0,None,Aisle,15,16,3.0,3400,2734,0,1,Counter,10.220989395115026,0,1
BK-10217,PAX-50880,"Mar 28, 2026", Mobile_App ,AeroFly,FL-761,JFK-LHR,Economy,59.0,Platinum,$175.50,$51.62,$64.32,$0.00,$0.00,Round-Trip,Credit Card,1,1,0,None,Window,47,0,1.0,3635,2541,1,0,Counter,8.924426994967105,0,0
BK-10218,PAX-50265,"Mar 13, 2026", Mobile_App ,AeroFly,FL-487,CDG-JFK,Economy,42.0,Silver,$150.51,$27.78,$0.00,$17.24,$0.00,One-Way,Apple Pay,0,1,0,Halal,Aisle,4,0,5.0,3451,2328,0,0,Online,8.179650052203954,1,1
BK-10219,PAX-50652,2026-03-06,WEB_PORTAL,AeroFly,FL-181,SIN-SYD,Economy,63.0,, 173.35 ,$51.96,$67.09,$0.00,$0.00,One-Way,Crypto,0,1,1,None,Aisle,7,0,3.0,5456,2608,0,0,Online,25.23414876048858,0,1
BK-10220,PAX-50897,2026-05-01,Agency_API,Global Connect,FL-345,LAX-TYO,Economy,,,$160.66,$0.00,$53.75,$0.00,$0.00,One-Way,PayPal,0,3,0,None,Window,38,0,5.0,3635,4568,0,0,Kiosk,26.968131452186277,0,0
BK-10221,PAX-50643,2026-05-19, Mobile_App ,Global Connect,FL-919,CDG-JFK,Economy,73.0,,$162.87,$23.40,$32.96,$45.53,$0.00,Round-Trip,Crypto,0,2,1,Halal,Aisle,38,3,5.0,3915,1438,0,1,Counter,19.066535361482416,0,0
BK-10222,PAX-50100,31/03/2026, Mobile_App ,Global Connect,FL-926,CDG-JFK,Economy,23.0,Silver,$181.78,$36.09,$0.00,$0.00,$0.00,One-Way,Crypto,0,2,0,Gluten-Free,Window,30,3,4.0,3635,1306,1,0,Online,15.19372336715486,0,1
BK-10223,PAX-50713,2026-06-16,Agency_API,Oceanic Air,FL-378,JFK-LHR,Economy,50.0,,$157.99,$29.87,$0.00,$28.33,$0.00,Round-Trip,Apple Pay,0,3,0,None,Window,35,0,5.0,5456,1963,1,0,Online,28.746862721175756,0,1
BK-10224,PAX-50431,2026-06-16,mobile_app,Oceanic Air,FL-860,CDG-JFK,Economy,53.0,Platinum,$172.28,$0.00,$0.00,$46.77,$94.56,Round-Trip,Credit Card,0,0,0,None,Window,23,0,4.0,3915,3915,0,1,Kiosk,19.04344824993903,0,1
BK-10225,PAX-50600,08/01/2026,web_portal,SkyWays,FL-375,JFK-LHR,Economy,19.0,Silver,$153.52,$58.27,$48.66,$0.00,$0.00,One-Way,Apple Pay,0,3,0,None,Middle,8,0,4.0,3635,510,0,0,Counter,24.536620256162607,0,0
BK-10226,PAX-50119,2026-02-21,Agency_API,Global Connect,FL-973,DXB-LHR,Economy,,,$148.66,$16.61,$71.09,$0.00,$111.26,Round-Trip,Apple Pay,0,0,0,None,Window,12,0,1.0,3400,2368,0,0,Online,14.901306349669106,0,0
BK-10227,PAX-50214,09/06/2026,web_portal,Global Connect,FL-239,CDG-JFK,Premium Economy,37.0,Silver,$443.46,$27.33,$0.00,$0.00,$0.00,Round-Trip,PayPal,0,0,0,Gluten-Free,Window,6,0,5.0,5456,1384,0,0,Counter,18.26546312534264,0,1
BK-10228,PAX-50471,03/03/2026, Mobile_App ,SkyWays,FL-752,LAX-TYO,Premium Economy,43.0,Platinum,$464.99,$0.00,$0.00,$46.11,$0.00,Round-Trip,Crypto,0,1,1,Vegan,Aisle,71,0,1.0,3451,4064,0,0,Counter,10.575950127317721,0,1
BK-10229,PAX-50999,2026-05-02,Agency_API,Oceanic Air,FL-563,JFK-LHR,Business,19.0,Silver,"$1,213.31",$53.77,$76.44,$0.00,$107.49,Round-Trip,Apple Pay,0,1,0,None,Aisle,26,0,4.0,3451,1889,0,1,Counter,21.77549383136151,0,1
BK-10230,PAX-50951,25/05/2026,mobile_app,SkyWays,FL-737,CDG-JFK,Premium Economy,40.0,Gold,$459.82,$29.36,$66.30,$17.19,$0.00,One-Way,Credit Card,0,4,0,None,Window,15,0,4.0,3400,3901,0,1,Counter,19.145626504639893,0,1
BK-10231,PAX-50926, 2026-04-30 ,WEB_PORTAL,AeroFly,FL-428,SIN-SYD,Economy,37.0,Silver,$166.99,$0.00,$84.81,$31.58,$0.00,One-Way,Credit Card,0,2,0,Vegan,Window,18,16,5.0,3451,4821,1,0,Kiosk,12.632620605517294,1,1
BK-10232,PAX-50414,05/04/2026,Agency_API,AeroFly,,SIN-SYD,Premium Economy,50.0,,$472.14,$19.26,$60.99,$47.57,$0.00,One-Way,PayPal,0,5,1,Gluten-Free,Window,88,0,4.0,3635,1324,0,0,Kiosk,12.713357102841233,0,1
BK-10233,PAX-50345,2026-06-05,mobile_app,SkyWays,,SIN-SYD,Economy,21.0,,$143.09,$0.00,$0.00,$49.31,$0.00,Multi-City,Crypto,0,2,1,None,Aisle,4,0,3.0,3451,2765,0,1,Kiosk,27.69575102003246,0,1
BK-10234,PAX-50159, 2026-02-11 ,WEB_PORTAL,Oceanic Air,FL-290,JFK-LHR,First Class,74.0,, 1226.3 ,$33.99,$33.94,$16.61,$76.03,One-Way,Apple Pay,0,0,1,Halal,Window,26,0,3.0,3400,1436,0,0,Counter,29.8300125027709,0,1
BK-10235,PAX-50346,2026-01-28,WEB_PORTAL,Oceanic Air,FL-388,CDG-JFK,Business,70.0,,"$1,194.37",$40.25,$76.83,$9.47,$109.47,Round-Trip,Crypto,0,3,0,Gluten-Free,Window,21,0,2.0,3635,3300,0,1,Counter,16.721187979996074,1,1
BK-10236,PAX-50999,"Mar 21, 2026",web_portal,Global Connect,FL-832,DXB-LHR,Economy,53.0,Silver,$175.26,$0.00,$40.42, 12.16 ,$0.00,Multi-City,PayPal,1,1,0,Gluten-Free,Aisle,28,0,3.0,5456,3053,0,0,Kiosk,18.406521436572977,0,0
BK-10237,PAX-50680,12/04/2026,Agency_API,Oceanic Air,FL-108,JFK-LHR,Economy,32.0,,$153.02,$74.24,$0.00,$0.00,$0.00,Round-Trip,Credit Card,0,4,0,None,Window,0,1,3.0,3400,4345,0,0,Kiosk,20.400686847889304,0,1
BK-10238,PAX-50180,20/01/2026,web_portal,AeroFly,FL-254,LAX-TYO,Premium Economy,75.0,,$494.42,$15.83,$0.00,$0.00,$0.00,One-Way,Credit Card,0,0,0,Halal,Middle,61,24,3.0,3635,2296,0,0,Kiosk,18.88819054895812,1,1
BK-10239,PAX-50187, 2026-01-27 ,mobile_app,SkyWays,,SIN-SYD,Economy,26.0,,$194.54,$71.92,$0.00,$0.00,$0.00,Round-Trip,Credit Card,0,0,1,None,Window,80,0,2.0,3400,553,0,0,Counter,7.954213676768219,0,0
BK-10240,PAX-50849,2026-06-25,mobile_app,AeroFly,FL-530,LAX-TYO,Business,,Platinum,"$1,201.40",$0.00,$0.00,$5.34,$109.61,Round-Trip,Apple Pay,0,5,0,None,Aisle,24,0,4.0,5456,1226,1,0,Counter,20.567224063142316,0,1
BK-10241,PAX-50597,2026-05-25,mobile_app,SkyWays,FL-918,CDG-JFK,Economy,61.0,Silver,$184.81,$61.03,$0.00,$7.40,$0.00,One-Way,Credit Card,0,2,1,Halal,Aisle,35,0,4.0,3635,3236,0,1,Online,5.472665792396349,0,0
BK-10242,PAX-50935,"Mar 30, 2026",web_portal,Oceanic Air,FL-480,JFK-LHR,Economy,58.0,Platinum,$194.87,$53.43,$0.00,$51.42,$0.00,Round-Trip,PayPal,0,1,0,None,Window,76,2,3.0,3451,3670,0,0,Online,13.603894852454285,0,1
BK-10243,PAX-50170, 2026-06-19 ,web_portal,Global Connect,FL-910,SIN-SYD,Economy,44.0,,$182.23,$0.00,$0.00,$23.07,$0.00,One-Way,Crypto,0,2,1,None,Window,36,15,4.0,5456,2413,0,1,Online,21.032562879748905,0,1
BK-10244,PAX-50878, 2026-01-18 ,mobile_app,Oceanic Air,,JFK-LHR,Premium Economy,27.0,,$454.36,$0.00,$53.82,$9.37, 99.62 ,Round-Trip,Apple Pay,1,2,0,None,Window,4,0,4.0,3400,2096,0,0,Online,21.599965247549022,0,1
BK-10245,PAX-50645,"Jan 04, 2026",WEB_PORTAL,Oceanic Air,FL-868,LAX-TYO,Economy,37.0,Gold,$156.98,$0.00,$44.52,$62.42,$0.00,Round-Trip,Credit Card,0,0,1,Vegan,Middle,25,0,1.0,3915,2414,0,1,Counter,13.13956149474306,0,0
BK-10246,PAX-50884,2026-05-06,web_portal,Oceanic Air,FL-157,CDG-JFK,Premium Economy,39.0,Silver,$478.92,$73.46,$87.63,$14.56,$0.00,One-Way,Crypto,0,2,0,None,Window,27,0,2.0,3635,2966,0,0,Counter,15.249378358878495,1,1
BK-10247,PAX-50228, 2026-04-21 ,WEB_PORTAL,Global Connect,FL-501,DXB-LHR,Economy,26.0,,$161.58,$50.19,$50.65,$0.00,$0.00,One-Way,Apple Pay,0,2,0,None,Aisle,16,4,4.0,5456,3237,0,0,Counter,14.436980946009278,0,1
BK-10248,PAX-50231,"Jun 12, 2026",mobile_app,SkyWays,FL-581,DXB-LHR,Economy,26.0,Gold,$167.96,$53.59,$0.00,$0.00,$0.00,One-Way,PayPal,0,2,1,None,Middle,40,0,4.0,3915,1349,1,0,Online,17.38293502118358,0,0
BK-10249,PAX-50775,"Feb 09, 2026",web_portal,Oceanic Air,FL-961,CDG-JFK,Economy,61.0,Silver,$183.34,$72.21, 35.42 ,$44.80,$0.00,One-Way,Credit Card,1,0,0,None,Window,81,0,4.0,3635,2609,0,0,Kiosk,17.839233920186018,1,1
