PassengerId,Survived,Pclass,Sex,Age,SibSp,Parch,Fare,Embarked,Group_Size,Is_Alone,Ticket_Type,Cabin_Deck,Lifeboat_Assigned,Satisfaction_Score,Baggage_Weight_kg,CheckIn_Duration_min,Pre_Board_Rating,Medical_Condition,Travel_Insurance,Booking_Lead_Time_Days,Meal_Preference,Port_Distance_km,Companion_Count,Room_Service_Spend,Bar_Spend,Spa_Spend,Entertainment_Spend,Total_Onboard_Spend,Customer_Feedback_Len,Is_Repeat_Passenger,Loyalty_Program_Tier,Emergency_Drill_Attended,Cabin_Number,Staff_Assigned_ID,Survey_Completion_Time_sec
1001,0,2,female,18.60310139477709,0,1,512.3292,S,2,0,Standard,nan,nan,2.0,46.85769344472911,20.631000435945705,Good,None,0,86,Halal,65.0111968756712,1,0.0,49.4088645113407,51.536117479181975,139.94349382923411,240.8884758197568,288,0,Platinum,1,D91,103,343.2948537070592
1002,0,3,male,76.59293658254718,0,0,1.3490165584522624,nan,1,1,Premium,B,nan,2.0,42.99119160826183,13.631519518838079,Average,None,1,50,Vegetarian,33.12034563210343,0,0.0,52.12926734068063,33.87010076225381,87.97676715561731,173.97613525855175,212,1,Bronze,1,A78,104,282.7636504730723
1003,0,3,male,25.96249512700814,1,0,0.8407911046960188,S,2,0,Discounted,E,nan,,35.41314859089514,17.435822201100958,Excellent,None,0,102,Jain,59.17674720429553,1,0.0,92.81651362026824,30.321944435260107,78.91237776261045,202.0508358181388,257,0,Gold,0,B53,101,310.24968476541824
1004,0,3,male,16.061917931352,0,0,12.512618471726489,S,1,1,VIP,D,nan,2.0,11.260213200098939,18.287622067425552,Good,Chronic,1,37,Standard,40.23326052442183,0,0.0,0.0,15.414559708203257,113.89662827253079,129.31118798073405,17,1,Platinum,1,B65,102,326.4470959405306
1005,0,1,male,13.610145069373303,0,1,35.3027111108282,C,2,0,Standard,nan,nan,,16.4404122686913,17.20710749745463,Average,None,0,109,Jain,12.183293047871981,1,91.27846538667555,0.0,25.870271926984795,106.89984284798167,224.048580161642,174,0,Gold,1,C98,101,265.67985370421195
1006,0,1,male,14.488324388847388,0,1,109.6615971637321,Q,2,0,Discounted,nan,nan,3.0,44.39800519486773,10.675246741845868,Average,None,0,64,Standard,11.696852590404523,1,105.82854321454296,0.0,11.03962320041143,28.97400126126491,145.8421676762193,416,0,Silver,0,B39,104,419.44056103139997
1007,0,1,female,16.234602740927116,0,1,5.745144516605317,nan,2,0,Discounted,D,nan,2.0,13.22632564956052,13.177254267324882,Poor,Chronic,0,115,Halal,17.57669529290979,1,16.71407818010513,0.0,19.456693474228782,70.69624118611817,106.86701284045208,228,0,Silver,0,C79,105,334.6548108199153
1008,0,3,male,14.62747312431441,0,0,3.976984004885621,C,1,1,Premium,nan,nan,1.0,17.529773371269556,7.692219113745922,Poor,None,0,54,Standard,120.84520917261321,0,0.0,0.0,47.26023050892292,70.87731642293778,118.1375469318607,225,0,None,0,B64,105,378.17912992301524
1009,1,3,female,15.097376181818706,0,1,8.14194690120052,S,2,0,Discounted,C,L3,2.0,10.832029303794888,17.4589816579404,Poor,Critical,1,72,Standard,39.63896677466672,1,0.0,0.0,119.28340473719545,56.73367728650172,176.01708202369718,83,0,Silver,1,C22,103,364.26143678164607
1010,0,3,female,17.0340877232317,1,0,16.423022000048867,S,2,0,Premium,nan,nan,5.0,35.4248704136485,23.51027577007963,Average,None,1,105,Standard,66.19516539494457,1,0.0,0.0,80.86390798799582,77.59402232283797,158.45793031083377,290,0,Gold,1,C35,104,319.63735615700466
1011,1,1,female,14.856036504943305,0,0,0.0,C,1,1,VIP,F,L1,3.0,47.479203741344435,5.877795566617687,Good,None,1,49,Vegetarian,21.275133275879003,0,224.08810854170946,0.0,81.48214283982539,61.966109659071634,367.5363610406065,434,0,Silver,1,A33,101,383.14736534158845
1012,0,3,male,46.06127174033873,0,0,0.0,S,1,1,Premium,nan,nan,3.0,17.103561421792367,11.191770469309823,Poor,Minor,1,99,Vegetarian,26.188432109896297,0,0.0,0.8408210106858731,15.436162007373385,29.90182342067747,46.17880643873673,369,0,Platinum,1,A79,101,311.27488267151506
1013,0,3,male,,0,0,22.799297416604833,S,1,1,Standard,nan,nan,3.0,26.393297353253317,14.091123620585334,Good,None,1,115,Halal,6.708898860035702,0,0.0,10.831583590393102,18.977928922517897,61.85497309120216,91.66448560411317,245,0,Silver,1,C69,105,256.2134830095382
1014,0,1,male,23.151185251690542,0,0,81.32430327112732,Q,1,1,Premium,D,nan,2.0,33.5452882870042,15.866707118567772,Poor,Minor,0,11,Standard,9.394549335107449,0,567.392943094552,83.15992746716732,36.68808394762455,10.84154213597649,698.0824966453205,401,0,None,1,B58,105,300.8891538937778
1015,0,1,male,,0,0,22.543329652097206,S,1,1,Standard,B,nan,3.0,49.97598116970338,19.39588150717213,Excellent,Chronic,1,88,Vegan,87.82634109225579,0,120.54131716788055,15.917418836158511,76.60530301876584,86.36787941616174,299.4319184389666,109,0,Silver,1,B85,102,239.62998525509212
1016,1,1,female,72.57963249023881,0,0,2.099790168253194,S,1,1,Premium,C,L1,2.0,9.716362924890745,14.239000098211667,Excellent,Minor,1,49,Halal,43.954399751297544,0,147.16223023875833,65.75678747850708,4.594334663541646,128.04818234116678,345.5615347219738,253,0,Gold,1,A75,105,173.89774031341187
1017,0,2,male,13.782410185461073,0,0,44.90159710023199,S,1,1,Discounted,C,nan,4.0,27.43568597775691,13.420206367771748,Poor,None,0,21,Standard,20.589186371510024,0,0.0,0.0,10.88259553621769,108.79306265318328,119.67565818940098,87,0,Gold,0,C27,102,248.84746541645848
1018,0,3,male,,0,0,0.2257380736827438,S,1,1,VIP,D,nan,3.0,22.3304053956125,20.515653530348704,Average,Minor,1,115,Standard,81.18982755206098,0,0.0,36.895129223223954,4.498425326717833,54.059106008116686,95.45266055805848,71,0,Silver,1,A61,101,304.3728919782525
1019,0,2,female,64.33589496190072,1,0,45.69527086529175,S,2,0,Standard,nan,nan,3.0,43.96190743500598,18.309977835316527,Poor,None,0,66,Vegetarian,14.152633941659696,1,0.0,3.5196908222228562,28.403157720963318,13.060680836596228,44.983529379782404,380,0,Gold,1,B53,102,363.71548712928484
1020,0,2,male,42.09366092952232,1,0,16.560801850330197,S,2,0,Premium,nan,nan,3.0,26.418547895524515,17.694889878505492,Poor,None,0,63,Halal,186.55324096384405,1,0.0,9.997332168927976,10.971513769514846,30.322409883790613,51.29125582223344,29,0,Gold,1,B62,102,248.66884772541874
1021,1,3,female,37.47994551054269,1,0,29.37891434932296,S,2,0,Premium,nan,L1,3.0,9.993988606331664,15.562578557940572,Average,Chronic,1,104,Standard,21.14208103269256,1,0.0,157.55731165493222,11.840555983164467,81.82355107422535,251.22141871232205,171,1,None,1,C39,103,360.60974721162927
1022,1,1,female,16.47412625300257,0,0,136.28666445696564,S,1,1,Premium,B,L5,,33.549086537896265,19.915761054599294,Excellent,None,0,83,Standard,20.572470480120014,0,369.6104531257245,0.0,2.2066824253625996,31.05856250745493,402.87569805854207,308,0,Platinum,1,D66,105,227.3590208515874
1023,0,2,female,14.810992991797313,0,0,136.00827703864118,C,1,1,Discounted,nan,nan,3.0,39.68512782187459,11.718453043848667,Good,Minor,0,103,Halal,18.691920248385877,0,0.0,0.0,12.914076427103513,81.59596669274512,94.51004311984863,393,0,None,1,C82,102,244.828652031633
1024,1,2,male,28.56839398022675,0,0,9.501329570662241,S,1,1,Discounted,nan,L4,1.0,5.1296563249526566,11.03652858906961,Poor,Chronic,1,28,Vegan,6.511785235846411,0,0.0,30.77641014610688,59.52317884447083,34.73985371458484,125.03944270516254,342,0,Bronze,1,C29,101,386.9493962037871
1025,0,2,male,51.75577642439933,0,0,32.06555570045207,Q,1,1,Standard,B,nan,3.0,43.65305084392833,18.73050493434662,Average,Minor,1,17,Halal,5.890616341693988,0,0.0,56.313764206685725,7.960902386351158,127.33858042141092,191.6132470144478,435,0,None,0,D34,104,302.8572611977497
1026,1,3,female,24.204756328571133,5,0,5.397514527540879,S,6,0,Standard,nan,L3,2.0,13.371035000254953,6.874820153765459,Poor,None,0,6,Halal,52.22112707375539,5,0.0,48.196678167655996,35.6417500397116,59.590720926068954,143.42914913343657,176,0,Silver,1,C14,102,289.5826832829214
1027,1,1,male,24.715913421878795,0,0,55.56342086424126,S,1,1,Discounted,nan,L2,1.0,29.843121409402002,15.460897548182436,Average,Minor,1,19,Vegan,104.01931721648525,0,266.8480650030141,42.030443900221506,29.79744913051498,36.83259389167366,375.5085519254242,138,0,Platinum,1,C88,105,314.11679939446964
1028,0,3,female,,0,1,10.369095530095212,C,2,0,Standard,B,nan,,23.710887530935256,13.41720823868744,Good,None,0,56,Halal,78.15647227353367,1,0.0,3.050016562069791,59.7395373454003,121.84892703705924,184.63848094452933,193,0,Silver,1,D81,103,227.61580495691726
1029,0,3,female,34.01210637618133,0,0,21.723597672340095,S,1,1,VIP,F,nan,4.0,37.384421747473866,7.971226346735221,Good,Minor,0,102,Standard,7.605580990770505,0,0.0,50.09278649528509,4.2568606885143625,51.42584472081761,105.77549190461707,185,0,Bronze,1,C96,101,280.14911228557065
1030,1,1,female,,1,0,351.93374813151127,Q,2,0,VIP,G,L5,,21.702272665358382,10.343662101418676,Excellent,None,1,28,Halal,39.43690338507174,1,46.20743875650612,73.24957504755363,113.9473866495078,16.72315317581729,250.12755362938486,217,0,Platinum,1,C49,103,300.1596694875931
1031,0,3,male,17.86631719678849,0,0,15.353069658561862,S,1,1,Discounted,C,nan,3.0,44.13934295067698,14.455119538523254,Average,None,1,66,Vegan,5.579636222658263,0,0.0,0.0,26.213367492082597,85.56142371054624,111.77479120262883,163,0,Gold,1,D35,104,373.88285617076593
1032,0,1,male,20.31216825104746,0,0,45.97515645524705,Q,1,1,Standard,nan,nan,3.0,37.87233624314556,20.169816282495113,Average,None,0,38,Jain,2.3176256724648,0,156.0718424856876,0.5570188398643299,161.9385117810851,87.2346306656983,405.80200377233535,160,0,None,1,C71,102,199.77497164191593
1033,0,1,female,22.62727443967048,0,0,46.500913944617054,S,1,1,Premium,nan,nan,2.0,34.14709269783147,11.735210043710945,Excellent,None,1,119,Halal,53.41179677126958,0,38.27000369209904,65.49879730464347,72.74757404333042,107.20435128536013,283.7207263254331,430,0,Silver,1,C59,102,405.77941892254626
1034,0,3,male,16.16418875354409,0,0,14.04708664772349,Q,1,1,VIP,nan,nan,2.0,40.830826800328445,21.066906999524967,Excellent,None,1,37,Vegetarian,38.30227631898696,0,0.0,0.0,0.0,36.03291498125783,43.54516921191121,12,1,Bronze,1,B38,105,292.52113570049744
1035,0,3,male,13.829749082162031,0,0,2.8647057606257404,S,1,1,Discounted,F,nan,4.0,38.931036571777206,15.315896137782582,Average,Minor,0,115,Standard,4.279184478922515,0,0.0,0.0,1.7340224467630907,66.56570086383677,68.29972331059986,295,0,Gold,1,C69,102,233.36662506197945
1036,1,3,male,26.147994861440345,0,0,1.2292000305969455,nan,1,1,Standard,E,L4,3.0,6.6172403714699,21.551923510849853,Excellent,None,0,116,Standard,1.7782111266312863,0,0.0,6.823652872416326,8.856878183458274,42.35518785639844,58.03571891227304,88,0,None,0,A42,101,222.50191703193653
1037,1,2,female,17.108450526548125,0,0,9.634225295070562,S,1,1,Discounted,nan,L4,4.0,22.763045923017266,11.977541956099758,Good,None,0,68,Vegetarian,229.05517338501852,0,0.0,0.0,22.49556743997615,12.143060417353219,34.63862785732937,323,1,Gold,1,C92,104,316.3889590202524
1038,0,1,female,,0,1,28.78177404551521,S,2,0,Premium,nan,nan,4.0,46.886328379242045,14.755952059473158,Poor,None,1,86,Vegetarian,1.5240599816396865,1,7.982579362504875,21.87699101561119,5.647642919594635,131.49207405238374,166.99928735009445,41,0,None,1,A25,103,219.16743119588847
1039,0,3,male,14.514971291560197,0,1,3.689854242189208,Q,2,0,VIP,B,nan,2.0,10.65759210465018,16.842418016684977,Good,None,1,90,Halal,29.396876588612013,1,0.0,0.0,0.0,109.33047067325117,114.82868177414876,402,0,Platinum,1,C16,104,266.39258729441406
1040,0,2,male,21.841820670427914,0,0,5.853345651108929,S,1,1,Discounted,nan,nan,3.0,38.169344769442304,14.102447686292441,Excellent,None,1,49,Vegetarian,35.121408259141774,0,0.0,65.62982512668641,18.630017257592993,45.2194589188201,129.4793013030995,209,0,Gold,0,B21,102,285.0058163473321
1041,1,1,female,23.40820872193617,0,2,3.6554063796745226,S,3,0,Discounted,nan,L5,3.0,48.856631510089834,19.76512073572618,Average,None,1,43,Jain,6.2373698447773736,2,69.17540434548901,60.31970688349201,1.0150181378953198,89.90594893079795,220.4160782976743,228,1,Gold,1,D14,103,368.6205443642896
1042,0,2,female,12.79821977185682,1,0,0.3967832623028793,C,2,0,Discounted,F,nan,2.0,7.348938307023723,3.9621813735486704,Average,None,1,36,Vegan,9.259991458813703,1,0.0,0.0,3.899436744851893,30.189568220170866,34.08900496502276,349,0,Gold,0,B78,105,361.1072075558384
1043,0,1,male,18.155754020706347,1,0,373.99812822454567,S,2,0,Premium,B,nan,4.0,35.69872462819747,27.1120276939497,Good,None,0,58,Vegetarian,21.678185593130234,1,12.119631976181433,139.57007962274866,16.12850675447737,133.53549326936565,301.3537116227731,274,0,Platinum,1,A35,104,261.4204565928625
1044,0,3,male,14.165239902478973,0,0,5.861307342367071,S,1,1,Discounted,nan,nan,3.0,26.066936358546368,19.28887303497581,Average,None,0,13,Vegetarian,71.70618335793833,0,0.0,0.0,1.956319503624673,17.235951504286547,19.19227100791122,441,0,Bronze,1,A31,103,287.2390097867447
1045,0,2,female,12.982083881587872,0,0,10.670852004016993,S,1,1,Premium,C,nan,2.0,31.062886491862496,14.132340854824918,Excellent,None,0,52,Jain,35.370665384013236,0,0.0,0.0,15.162958696061446,0.5755718261701348,15.738530522231581,278,1,None,1,C22,103,204.27690598945526
1046,0,3,female,80.0,0,2,11.952492810577695,Q,3,0,Premium,D,nan,3.0,8.84036014179462,12.238391632113277,Good,None,0,58,Standard,50.792001955847944,2,0.0,53.34162972630644,19.27397936294689,75.30122966087733,147.91683875013064,250,0,Gold,1,D42,103,177.6542692053768
1047,0,2,female,17.836950337791304,0,0,5.416955630700533,S,1,1,Premium,C,nan,,6.935312834012277,10.667896942757228,Average,Minor,1,32,Standard,210.57051619007981,0,0.0,0.0,18.004277737989977,87.46917351793039,105.47345125592037,309,0,Platinum,1,C32,101,226.2568531444428
1048,0,3,female,,1,2,31.447040664267647,S,4,0,VIP,D,nan,2.0,35.00899972479148,18.228077370848684,Poor,Minor,1,81,Halal,73.05206678322241,3,0.0,18.917588989572963,61.01680910226976,86.84479804437066,166.7791961362134,207,1,Bronze,1,A27,104,367.3858416795486
1049,0,3,male,16.40833251440102,0,0,16.205624209693653,Q,1,1,VIP,nan,nan,4.0,42.048924341932306,19.97490834396177,Poor,None,0,105,Jain,28.490004706164353,0,0.0,0.0,0.0,8.176789115673945,30.831453401570897,320,0,None,1,B39,103,346.8048433332876
1050,0,1,male,,3,2,7.96140928448559,Q,6,0,Discounted,nan,nan,2.0,40.190690071983525,14.187369359350502,Excellent,Critical,0,100,Vegan,29.56943016672915,5,95.82283937591063,3.5830482262487418,18.93225196948484,47.10657103776487,165.44471060940907,139,0,Platinum,1,B25,104,323.00617575579685
1051,1,3,female,33.42099334242313,0,0,5.675930127350592,S,1,1,Discounted,C,L1,4.0,29.47125775398068,20.534952064892515,Average,None,1,119,Vegan,48.217892986499514,0,0.0,87.86753738358343,15.865067280914994,74.87984202619977,178.6124466906982,279,0,None,1,A48,103,212.54253080276538
1052,0,3,female,,0,0,22.18590108147896,S,1,1,VIP,nan,nan,4.0,9.494006951128018,10.463699766194388,Excellent,None,0,60,Jain,54.73577581070956,0,0.0,14.687726489312183,51.05044140256294,32.48687784408613,98.22504573596126,33,0,Gold,1,A35,105,257.30042535653126
1053,0,3,female,21.567849660679077,1,0,30.40339683276874,S,2,0,Standard,nan,nan,3.0,35.96199997262062,9.580945750065819,Good,Critical,0,110,Vegan,34.728502201178465,1,0.0,32.030346015466144,67.63002479688768,130.89388282288445,230.55425363523827,308,1,Bronze,1,D74,105,248.5307383092827
1054,0,3,female,19.961367202580668,1,0,6.614868152564619,S,2,0,VIP,nan,nan,3.0,15.884999759936568,24.066706026227745,Poor,None,0,83,Standard,51.76233221243686,1,0.0,2.2140690471694193,57.56920513094521,13.066393419215105,72.84966759732973,391,0,Platinum,1,A47,105,290.04009776276627
1055,0,3,male,18.435649525559622,1,0,9.979138812052584,S,2,0,Premium,C,nan,4.0,45.998091624532265,17.955543067692716,Good,Chronic,0,58,Vegan,1.1906902814401397,1,0.0,60.088672276586166,33.584039980321705,73.10766625080643,166.78037850771432,17,0,Bronze,1,B15,102,286.2567866020731
1056,0,3,male,51.78834072331171,1,0,1.9190050871963849,S,2,0,VIP,F,nan,3.0,42.72194117955672,21.98424100906664,Average,None,1,99,Vegan,28.072874732802948,1,0.0,20.065761710888232,4.432795451800326,103.7124086269728,128.21096578966137,56,0,Gold,1,B59,103,239.8825885982503
1057,0,1,female,38.634106067126964,0,1,402.0027983178891,S,2,0,Premium,nan,nan,4.0,36.922233518932586,10.730301458061536,Excellent,None,0,110,Jain,16.351512960901623,1,22.019692263064137,68.27299132688826,9.724986733062591,39.26266502017236,139.28033534318735,111,0,Bronze,1,B97,102,320.95300847391263
1058,1,1,female,62.29764584123537,1,0,22.40074402650308,S,2,0,Discounted,nan,L2,2.0,47.69806801240087,10.382373041156349,Excellent,None,0,104,Jain,6.915680187682997,1,19.90831243554906,26.58570215582226,1.414731426218834,93.63611054962772,141.5448565672179,4,1,Bronze,1,B36,104,313.7367828122543
1059,1,1,female,13.990928127541583,0,0,243.1007931769805,Q,1,1,Standard,A,L1,4.0,6.413981968007282,13.206953402712289,Excellent,Minor,0,56,Vegan,5.242838395155899,0,30.44493069821947,0.0,80.13307144118205,124.40777252135618,234.9857746607577,409,0,Silver,1,A81,102,256.2706140544232
1060,0,2,female,31.688270451907613,2,0,23.073887308308322,nan,3,0,Discounted,B,nan,4.0,38.12901912773429,10.879705792304941,Good,None,1,28,Vegetarian,46.21515799258397,2,0.0,35.99253662060986,32.43483121308412,28.550546264257132,96.97791409795111,413,0,Bronze,1,D83,104,318.2567034979519
1061,0,2,female,53.791908978918606,0,0,20.588088903188268,C,1,1,Premium,F,nan,5.0,19.86092507013824,18.526826051142255,Poor,Minor,0,1,Jain,37.074929500839474,0,0.0,6.9921094588951505,41.15552135688752,137.58308877372943,185.7307195895121,181,0,None,0,A71,104,367.4571220998312
1062,0,2,male,14.999337145511966,1,0,15.814738557033706,S,2,0,Premium,nan,nan,2.0,45.772964855886435,11.244369715367773,Good,None,0,42,Halal,14.623617509786552,1,0.0,0.0,11.200324894991518,83.0337798993537,94.23410479434523,12,1,Platinum,1,A67,104,385.68364662739475
1063,1,3,male,,0,0,2.7534677945456076,S,1,1,Premium,nan,L1,3.0,17.000383849788992,9.141650709663548,Good,None,0,82,Halal,31.833622236131703,0,0.0,19.08538888817488,56.056660450840695,44.88480064515908,120.02684998417465,338,0,Silver,1,B87,102,329.43972939659153
1064,0,2,male,32.270897297829336,0,0,4.27296694051408,C,1,1,Standard,G,nan,3.0,37.618542469175765,15.710077061276161,Average,None,0,48,Standard,33.886562467724715,0,0.0,121.4979649738807,9.017074000175906,64.6287413073406,195.1437802813972,284,0,Platinum,1,B15,103,327.67607660456133
1065,1,2,male,24.816407162980045,0,0,5.479867769651149,C,1,1,VIP,B,L3,3.0,44.494115884285165,8.550069120873934,Average,None,0,40,Vegan,10.84620787250839,0,0.0,3.143194697208307,0.04935328690327598,46.82878256795819,50.02133055206978,258,0,Platinum,1,B48,102,285.59166515854133
1066,0,3,male,39.661157119822164,1,0,2.166501367322777,S,2,0,Discounted,nan,nan,3.0,6.874556827220709,6.002680342623053,Average,Chronic,1,97,Vegetarian,52.79101270853492,1,0.0,59.211354374571,14.168104075966399,108.76667398999741,182.1461324405348,89,0,Gold,1,D23,103,361.78277373210955
1067,0,1,male,14.258373696212889,0,0,128.5404643936877,Q,1,1,Discounted,nan,nan,1.0,22.894141081641624,15.666286169306389,Poor,None,0,63,Standard,75.91576906339013,0,96.75013056677909,0.0,25.372275783541166,119.44509951226982,241.56750586259008,103,0,Gold,1,B60,103,235.77891291961276
1068,0,3,male,,0,0,4.525244231267281,C,1,1,VIP,E,nan,4.0,39.30390644098724,6.253899784948949,Poor,Minor,0,76,Vegan,78.38206945954713,0,0.0,19.212958173496556,19.543167185865837,124.94060884779915,163.69673420716154,378,0,Silver,0,C57,104,354.8310086044899
1069,0,1,male,15.377696596005343,0,0,5.0645557082853205,Q,1,1,Discounted,nan,nan,3.0,25.471350027841417,18.876396981477114,Average,Minor,1,72,Jain,46.12422250832284,0,24.19652374086334,0.0,59.43160511702133,147.86523743786117,231.49336629574583,185,0,Gold,1,C59,102,282.7437159491518
1070,0,3,male,14.68072798448277,0,0,36.50938427353113,C,1,1,Standard,nan,nan,1.0,17.02636834071179,8.02333136873602,Average,None,0,88,Halal,35.8349768826378,0,0.0,0.0,3.3415349021369463,118.69264387450252,122.03417877663946,249,0,Gold,1,A22,103,389.45620963210376
1071,0,3,male,14.691669848399261,1,0,22.599370185273003,S,2,0,Discounted,C,nan,3.0,14.891240697043552,3.796631067901261,Poor,None,0,80,Vegetarian,3.147370341865357,1,0.0,0.0,24.211215968417104,90.20761060328451,114.41882657170162,254,0,Gold,1,A19,105,335.29238442240444
1072,0,1,male,37.276549238460134,0,0,223.35063707357412,S,1,1,Premium,nan,nan,3.0,10.918322011237006,13.531016749296029,Excellent,None,0,114,Halal,16.97202279104029,0,10.37997678607147,4.787497964614333,21.583462619001292,50.88304475876757,87.63398212845466,75,1,Platinum,1,A64,103,295.928026135614
1073,1,1,female,28.413204585239534,4,3,448.8042303692251,Q,8,0,VIP,D,L3,1.0,43.5708301935327,15.722972516482422,Poor,None,1,4,Jain,4.8956076729831395,7,12.383891642555414,19.186864112073444,9.913219151337229,81.68931730661241,123.1732922125785,385,0,Silver,1,C18,105,285.81074106574357
1074,0,3,male,23.105639345190667,0,0,2.005853814049946,C,1,1,Standard,nan,nan,,30.89099314632002,17.457375318409703,Poor,None,0,38,Vegan,165.96680840923105,0,0.0,5.528479106752727,51.81762245655259,6.160225918560814,63.50632748186613,458,1,Platinum,1,C61,102,331.5367712669062
1075,0,3,male,18.66692102517102,0,1,5.298109476385748,S,2,0,VIP,nan,nan,5.0,8.437322524615519,15.860078495079268,Poor,None,1,108,Jain,7.255921546960757,1,0.0,6.882506633521239,41.932632023226816,111.72376132948696,160.538899986235,107,0,None,0,B34,102,328.62746086116334
1076,0,3,male,43.45804000941499,1,0,14.907936492553343,S,2,0,Standard,nan,nan,3.0,22.216114560678594,9.703436894411288,Average,None,1,27,Jain,8.230491569113779,1,0.0,42.64826426089875,39.59938113995727,66.89333176381527,149.14097716467128,155,0,Platinum,1,A60,102,276.09941972996836
1077,0,3,female,,0,0,12.503351725424043,S,1,1,Premium,nan,nan,1.0,21.548014286229947,18.56530590463302,Excellent,None,0,9,Halal,110.17166885394542,0,0.0,3.141768381668806,62.67081490396364,3.003484459828143,68.81606774546059,81,1,None,0,B43,103,305.5101454961008
1078,0,1,male,37.44123994272104,0,0,14.204595207448083,C,1,1,VIP,E,nan,4.0,13.178263581925835,19.80069253239873,Poor,None,1,111,Vegetarian,144.05618776882332,0,89.83794530066614,1.570966990201053,38.48881379688004,9.376041226561622,139.27376731430886,76,0,Bronze,1,C12,101,353.7834052409161
1079,0,2,female,20.674123216708203,0,2,37.22208606569893,nan,3,0,Discounted,nan,nan,3.0,24.597843146248582,8.971189357722306,Average,None,0,16,Jain,72.58519144118097,2,0.0,62.66062123161945,7.91276747312431,58.119969573263496,128.69335827800725,484,0,Bronze,1,C68,103,218.19862452718502
1080,0,1,male,,1,0,21.604506715449833,S,2,0,Standard,nan,nan,3.0,19.94447144269114,14.09496930670193,Good,None,0,56,Halal,0.2709791559304135,1,18.884603392355725,22.443200284105245,36.68067724048082,87.51322785276527,165.52170876970706,469,1,None,1,B57,103,343.5526932332228
1081,0,3,male,21.31741589849404,0,1,2.660361416681252,S,2,0,VIP,C,nan,3.0,20.381166747148214,13.627799864454902,Good,Minor,1,76,Vegetarian,0.06735889967388212,1,0.0,6.698022760585462,11.032198654106951,69.630592342819,87.36081375751141,459,0,None,1,D28,104,331.27287470156125
1082,1,3,male,17.379679131459632,8,2,8.08471633505379,S,11,0,Discounted,nan,L3,3.0,38.25619510045814,16.10190791394017,Poor,None,1,31,Vegan,23.748860433623292,10,0.0,0.0,8.319069879524301,92.88064759382323,101.19971747334753,257,0,Platinum,1,C91,104,371.19884853368944
1083,0,2,male,32.65165969405409,4,0,19.773479532112216,Q,5,0,VIP,nan,nan,3.0,15.046852347733834,13.975381041129456,Good,None,1,88,Vegan,7.738940436914979,4,0.0,51.37319812152008,2.2741676777826343,72.04413881870337,125.69150461800609,126,0,None,1,C82,103,257.0607779218057
1084,1,1,female,,0,0,73.75499687000473,C,1,1,VIP,D,L1,3.0,33.88369814849099,14.660611139635117,Excellent,Minor,0,119,Standard,0.927863403630786,0,46.44932573813719,16.11619953696338,40.880684481543504,99.25557682220202,202.70178657884608,484,0,Silver,0,D85,105,300.34296516557345
1085,1,2,female,15.963637964955979,0,0,2.1108098653623024,C,1,1,VIP,nan,L5,3.0,30.67923307464207,18.209077651208453,Good,None,0,14,Halal,31.187277309150186,0,0.0,0.0,37.23995758263912,32.86890970062013,70.10886728325926,390,0,Bronze,1,A76,104,312.30410256029376
1086,0,2,female,46.47509774325875,1,0,46.18514584841132,S,2,0,Standard,nan,nan,5.0,30.564163055204027,9.430734501994333,Good,None,1,109,Vegetarian,143.28952603029143,1,0.0,6.488085724267835,8.016761446549147,16.926478077543212,31.431325248360196,281,0,Bronze,0,C77,103,344.32779103201415
1087,0,3,male,19.26497613538067,0,1,3.2413657255036634,S,2,0,Discounted,D,nan,3.0,34.83533057637992,18.68686567630412,Excellent,None,0,25,Jain,19.56476687595054,1,0.0,44.347961560251605,41.51440523637853,89.465093193849,175.32745999047916,473,0,None,1,A10,101,325.74701574966
1088,0,3,male,23.76423573266645,0,2,1.4563989401787034,S,3,0,Premium,nan,nan,4.0,29.67719162880443,20.705663657656252,Poor,None,0,34,Vegan,54.10851191727974,2,0.0,18.995547033987123,74.972923856417,72.70342754044611,166.67189843085023,87,0,Gold,1,C72,105,225.62669407126353
1089,0,3,female,,0,0,23.057560034040353,S,1,1,Standard,C,nan,4.0,44.56648016808731,23.17067496744434,Poor,None,0,67,Vegetarian,52.81146650539041,0,0.0,49.304611849525976,3.4296483145398726,4.0301481067402944,56.76440827080614,203,0,Gold,1,A91,102,317.46264197169876
1090,0,2,male,,0,0,68.54487976057214,C,1,1,Standard,C,nan,3.0,35.40110413776169,4.283163379313205,Excellent,None,0,24,Halal,14.456162433387126,0,0.0,82.6159351744529,7.94384537524375,57.072282823955376,147.63206337365204,15,0,None,1,D86,103,420.2537264562245
1091,0,1,male,13.864719237866696,1,1,168.4212766803718,C,3,0,Standard,C,nan,3.0,29.613346311712466,14.08549171442391,Excellent,None,1,118,Standard,52.55189299225593,2,37.835158299036785,0.0,41.620142458688925,15.918837823649323,95.37413858137504,150,0,Silver,1,A11,103,336.7054545576789
1092,0,3,male,54.159250258983135,1,0,17.410968432202928,nan,2,0,Premium,nan,nan,3.0,42.33934041294402,5.174497128232055,Excellent,None,0,106,Vegan,11.934055210036522,1,0.0,17.53092056188542,9.627102155812846,79.70352476290428,106.86154748060255,423,0,Gold,1,A54,105,398.28281667219596
1093,0,3,male,26.821153934022394,1,1,11.18158126258551,nan,3,0,Discounted,nan,nan,3.0,32.27659542200659,2.824681551135882,Good,Minor,1,73,Vegetarian,6.505856454605477,2,0.0,14.768490815243137,29.398007569942493,59.36665194906461,103.53315033425025,253,0,None,1,D57,104,362.58368263768875
1094,1,3,female,,0,0,8.404355206483936,S,1,1,Discounted,C,L3,4.0,18.101491150333054,15.720465238037391,Excellent,Minor,0,26,Vegetarian,60.42972097105874,0,0.0,19.831782046539985,2.5394361505511918,91.97278666545269,114.34400486254387,187,0,Silver,1,D31,104,381.74411612630456
1095,1,3,female,14.249652309246386,0,0,0.9555514158996835,C,1,1,Discounted,F,L3,3.0,14.319271317945704,13.004241035748192,Average,None,1,20,Vegetarian,6.020369776008449,0,0.0,0.0,18.055486431798965,120.84033281553575,138.8958192473347,328,0,Silver,1,D20,104,318.59811965908233
1096,1,2,female,35.70002093520401,0,0,11.550318998025826,Q,1,1,VIP,nan,L3,,11.854750354820546,16.49925475885373,Good,Minor,0,64,Halal,288.96656681691996,0,0.0,9.99405236220936,40.307556265662676,44.95030257622362,95.25191120409565,31,0,Platinum,1,C67,102,331.310706576727
1097,0,3,male,26.516632613442788,5,0,4.896276825621469,C,6,0,VIP,B,nan,1.0,45.47548456457457,17.43063845043658,Poor,None,0,104,Halal,10.133503603387446,5,0.0,78.19720684089226,34.80001185945887,144.31531562475413,257.3125343251053,270,1,Silver,1,B38,105,315.3310653984825
1098,0,2,male,23.436207870735423,0,0,6.616993316478259,S,1,1,VIP,nan,nan,1.0,36.95609443091296,21.239479790539605,Poor,None,0,10,Halal,45.087579804828906,0,0.0,24.28491353708467,50.633677897570344,80.34517508813617,155.26376652279117,484,0,Gold,1,C24,105,300.26045190297134
1099,0,1,male,45.64954995804668,1,0,109.24672429975081,S,2,0,Premium,nan,nan,3.0,47.182029717394435,15.2696021265289,Poor,Minor,0,83,Jain,26.498262115123122,1,440.2191718143146,28.63462412164867,62.97760566304842,92.7436198132182,624.5750214122298,396,0,Gold,1,D51,104,344.5316988041463
1100,0,1,male,35.30985020544108,0,0,58.21926113300056,S,1,1,VIP,nan,nan,2.0,32.14813125717244,29.61677808659544,Good,None,0,67,Vegetarian,6.755856599710944,0,39.40576246611804,45.0761981587257,44.50841892005143,102.10085598386055,231.09123552875573,4,0,None,0,A52,104,268.73988365956797
1101,0,1,male,14.467369801895114,0,1,7.184153015022476,Q,2,0,Premium,nan,nan,2.0,26.303039667271065,16.532049274926063,Average,None,1,24,Vegan,1.4119449251295446,1,50.10998177579399,0.0,33.40456735584846,100.00972947863846,183.5242786102809,458,0,None,0,D83,101,413.122938960878
1102,1,3,female,,1,1,2.6113107423943727,S,3,0,Discounted,E,L4,3.0,7.68724200369002,24.212395222836058,Excellent,None,1,5,Halal,48.7400108505234,2,0.0,3.4877047458748165,0.9670965234828768,76.64561145675931,81.100412726117,329,1,Silver,1,A73,101,244.31922193870358
1103,0,2,female,16.28504427823257,0,0,25.292742807139476,S,1,1,VIP,nan,nan,2.0,35.223902669571345,3.3358109973787577,Excellent,None,0,67,Halal,82.19048660992253,0,0.0,0.0,22.96938617627225,64.31464366720253,87.28402984347478,307,1,Bronze,1,D73,103,348.6832871950295
1104,0,3,male,32.43552092802617,1,0,0.8314408220465793,S,2,0,VIP,nan,nan,1.0,31.199394189570402,21.748697647753126,Poor,Minor,0,58,Vegetarian,92.26296871643152,1,0.0,9.759797051743483,1.1527998721944812,8.067294626606685,18.97989155054465,332,0,Platinum,0,C11,103,382.7202850382153
1105,1,3,female,,2,0,20.00458554196415,S,3,0,Standard,nan,L5,,49.55940021144296,14.096197551022199,Poor,Minor,0,27,Halal,32.957917365440906,2,0.0,64.19982100694304,49.51839550485347,3.312876795176961,117.03109330697347,168,0,Bronze,1,D96,105,289.4026947623758
1106,0,2,female,24.655703345792144,0,0,15.036714974865724,S,1,1,Premium,C,nan,2.0,15.762145000200936,5.258263702863642,Good,Minor,0,80,Jain,75.13140249538918,0,0.0,74.06784596744508,11.60185577949811,53.6941791799147,139.3638809268579,180,1,Silver,1,B47,105,233.22136133171017
1107,0,2,male,33.561205737896685,0,0,14.411213023583,S,1,1,Discounted,nan,nan,4.0,28.883180987907615,17.102725546140597,Average,Minor,1,113,Jain,55.86638678169986,0,0.0,62.74568244354634,24.795514668761214,50.049133595053895,137.59033070736146,365,1,Silver,1,C35,102,369.3317753569413
1108,0,3,female,43.405010165789065,0,0,9.423624804174786,S,1,1,Standard,E,nan,4.0,34.29308008031327,13.485222310078413,Excellent,None,1,15,Halal,64.41385199189168,0,0.0,43.253467531919405,9.832018712438098,58.154273225851014,111.23975947020853,177,0,Bronze,1,A76,102,312.2037186030153
1109,1,1,male,18.28011890317639,2,0,147.9975726002805,S,3,0,Standard,C,L5,5.0,34.00660286340546,17.90026624224071,Good,None,0,35,Vegetarian,33.92268356392516,2,16.150864699297543,0.735837966343409,45.76671276813181,20.7552301332285,83.40864556700126,142,0,Platinum,0,B87,101,348.7989643561046
1110,0,1,male,,0,0,36.330541385343295,C,1,1,Discounted,A,nan,1.0,30.25820943267812,20.055382287755393,Excellent,None,0,76,Vegetarian,50.17579843770821,0,154.14301483143825,22.343699081283393,65.279241104118,110.72524058052655,352.4911955973662,361,0,Bronze,1,D34,103,293.432724069761
1111,0,2,male,13.75865827648166,0,0,24.931585754302724,S,1,1,Standard,nan,nan,4.0,39.961760464725145,7.55424941619202,Poor,None,0,105,Vegetarian,81.87281782766404,0,0.0,0.0,15.256970092260753,128.54466221643585,143.8016323086966,247,1,None,1,D74,101,403.9154809393438
1112,1,1,female,40.10615935817532,0,0,70.89793398797275,C,1,1,Premium,nan,L2,3.0,14.22415442870674,20.07459491227579,Excellent,None,1,53,Standard,25.365272638638487,0,41.83182856766095,24.506341143169585,59.61624128445834,140.80719530610526,266.7616063013941,126,0,Gold,1,A76,101,172.9795168676191
1113,0,3,male,14.045694457921062,1,4,3.2618055288112426,S,6,0,Premium,nan,nan,3.0,37.653224012348716,15.032397421103584,Average,Chronic,0,44,Halal,81.98941837090298,5,0.0,0.0,9.321357352195886,73.85434552794388,83.17570288013977,262,0,None,1,B27,103,322.5706530770241
1114,0,3,male,19.594719468147964,0,0,22.143570072123765,S,1,1,VIP,nan,nan,3.0,32.88805571448901,21.764205873466363,Average,None,1,26,Vegetarian,44.826469338790794,0,0.0,18.466467669041677,22.949668243295818,105.12985486881429,146.54599078115177,39,0,Gold,1,A47,102,380.5049690250959
1115,0,3,male,35.94008044989735,1,0,16.764826404403692,C,2,0,Standard,B,nan,4.0,45.3233800307558,13.974258855010659,Poor,None,1,47,Jain,9.070160392520133,1,0.0,17.3740662148089,58.71914494325359,128.33266851538087,204.42587967344338,411,0,Silver,1,C30,103,306.3203426897638
1116,0,3,male,14.436326848806242,2,0,11.2797989785412,S,3,0,VIP,nan,nan,3.0,43.123749756511174,12.647955537342895,Average,None,0,34,Vegan,1.2496959566914294,2,0.0,0.0,11.830474020997858,62.74366666402289,74.57414068502075,415,0,Platinum,0,A74,104,318.1415215810147
1117,0,3,female,15.905895336671264,0,0,19.96056004468687,S,1,1,Standard,C,nan,4.0,19.181616760964896,15.135270203444756,Average,None,1,87,Vegan,22.529944282123232,0,0.0,0.0,92.40099332698172,46.41191923056665,138.81291255754837,354,1,Bronze,1,A36,104,273.9592912459795
1118,1,1,female,,0,0,171.66775424874504,S,1,1,Premium,nan,L4,3.0,17.430679623881886,15.509303531899265,Good,Minor,0,95,Vegetarian,39.559651056312234,0,94.25769453253531,40.75500338412336,3.8991435917084853,140.5086833780235,279.4205248863907,254,0,Platinum,1,B79,104,301.24131047199705
1119,0,3,male,31.09644257987542,4,0,12.938575869547766,C,5,0,Premium,nan,nan,4.0,49.174399573360155,11.686075992541323,Excellent,None,1,50,Vegan,91.57296474435863,4,0.0,61.38174351050206,0.5533236480306649,77.35148266156096,139.28654982009368,142,0,Bronze,0,C53,105,199.68860321182171
1120,0,3,male,27.37266313106086,0,5,19.047911931519792,S,6,0,Premium,nan,nan,,28.726933141186546,12.518476345223581,Poor,None,0,84,Vegan,6.818810629676415,5,0.0,54.31955133325664,70.34454015240074,74.5880829886317,199.25217447428906,239,0,None,1,D37,102,256.8941200428185
1121,0,3,male,29.760025636314253,1,0,12.55358647590583,C,2,0,Standard,nan,nan,2.0,45.78894337614966,8.865622327431053,Poor,Minor,0,12,Standard,80.52350917302253,1,0.0,82.43956491458549,2.1335610100052627,26.762414484524367,111.33554040911513,227,0,None,1,A26,102,252.7946923738663
1122,0,3,male,23.737036517934573,0,0,11.968680063153082,S,1,1,Premium,D,nan,,12.374646070121699,12.826774551049027,Poor,None,1,87,Jain,99.39201925109279,0,0.0,108.54013447811484,144.43674817279845,16.223252186003513,269.2001348369168,340,0,Bronze,1,C49,105,340.14743946175787
1123,0,2,male,16.351255488891148,0,0,21.20660121848814,S,1,1,Standard,F,nan,1.0,33.92685116600784,18.381550299987893,Poor,None,1,4,Jain,8.166403249795238,0,0.0,0.0,90.72201545486952,126.31602937252674,217.03804482739628,197,0,Platinum,1,B12,101,265.7178144427359
1124,1,1,male,18.362747906898953,1,0,118.76373328821545,S,2,0,VIP,nan,L4,1.0,41.443708431226376,14.31322913046928,Poor,None,1,87,Standard,95.39028346801686,1,139.48456172906566,0.9563583456378804,4.420944529996419,92.11997642812771,236.98184103282767,64,0,Bronze,1,D85,104,267.4514670036108
1125,0,1,male,15.006019117747977,0,0,14.679004914208715,S,1,1,Standard,F,nan,1.0,47.63278623139011,20.045326480236643,Average,Minor,0,48,Standard,238.11206873392211,0,235.95665123338682,0.0,23.138751397258215,48.8736876029173,307.9690902335623,387,0,Silver,0,B55,104,277.3245983828916
1126,1,2,female,47.863142089854776,0,0,46.80601899714737,S,1,1,VIP,E,L5,3.0,20.180306345766056,14.07285266173463,Good,None,1,55,Vegan,64.88466477659355,0,0.0,11.684926331057117,6.134081280120157,28.760432608539972,46.57944021971724,10,0,None,1,B96,101,255.08131784908096
1127,1,3,female,,0,0,21.57228488250082,S,1,1,Standard,G,L3,3.0,37.62415264658236,7.842410011383429,Poor,Minor,0,112,Halal,76.80232884524024,0,0.0,7.131665496117313,16.766628177810475,83.32459202544472,107.22288569937251,107,0,Silver,1,B78,103,316.1413361557018
1128,0,3,male,19.683684892185333,0,2,0.31167687120173115,S,3,0,VIP,nan,nan,1.0,29.246585406782856,17.986374437782914,Good,Minor,1,1,Vegan,259.3859377150144,2,0.0,50.87311068978864,1.9017794733072615,87.5878933891703,140.3627835522662,25,1,None,1,A94,103,322.65788816597455
1129,0,1,male,21.29861259481745,0,0,148.55002698340166,Q,1,1,Premium,D,nan,1.0,7.728301672991069,11.631884294832988,Good,None,0,118,Standard,46.504430632083675,0,22.240831886201047,19.26424491465117,7.605167485384683,31.049040186758724,80.15928447299562,444,1,None,1,C78,102,349.5011147833056
1130,0,3,female,56.142356054958164,0,0,1.4486210277394342,S,1,1,VIP,C,nan,5.0,36.04998817890245,13.833163556182328,Average,Critical,1,89,Jain,18.400257450201273,0,0.0,2.9406624711746203,13.542419008187284,127.71086218372109,144.193943663083,420,0,Gold,1,C75,105,339.16500493727654
1131,0,2,male,,4,0,8.97923361520479,S,5,0,Premium,nan,nan,4.0,36.054345120702955,21.187860237420587,Poor,Minor,1,66,Vegan,90.86335216885736,4,0.0,7.403527904204996,17.32218686928335,12.639654923377662,37.36536969686601,150,0,Silver,0,D40,102,333.165464699082
1132,0,1,female,,0,0,115.65599826866304,C,1,1,Premium,nan,nan,4.0,46.87730621809416,9.195647701392431,Average,Minor,1,30,Halal,47.658859652243,0,7.053945045624409,0.04649245228108991,113.82221045314228,53.41396277496325,174.33661072601103,220,1,Silver,1,A48,103,280.2618999601534
1133,0,1,female,22.57491661189766,0,0,14.89696695201287,S,1,1,VIP,B,nan,4.0,27.379060077603757,15.823718937321924,Poor,Minor,0,3,Vegan,43.517543646131024,0,24.612349115757265,116.76761993162627,49.48681168833219,102.05766206437832,292.924442800094,340,0,Gold,0,B55,101,276.4137749797273
1134,0,2,male,26.18016477004609,0,0,37.478483287488594,S,1,1,Standard,C,nan,4.0,15.36129143197316,14.79740824982104,Average,None,0,21,Vegetarian,14.627063329425397,0,0.0,1.2463036638733318,40.1148355949234,41.118054572880105,82.47919383167684,495,0,Platinum,0,A69,102,247.72733985909264
1135,0,3,male,,1,0,18.73819811862835,C,2,0,Standard,C,nan,2.0,7.005372055190562,18.504628577185514,Good,None,1,89,Vegan,70.59789751226391,1,0.0,11.751683567412886,23.103523847442766,124.15127921719078,159.00648663204643,236,1,Silver,1,C20,104,246.6453786663539
1136,1,2,female,42.85040283811045,0,1,15.580296716811134,Q,2,0,Discounted,D,L2,3.0,23.703898400865757,19.275766827410113,Poor,None,0,84,Standard,4.259775471598889,1,0.0,26.915218217537817,54.977024028702075,110.98017399006052,192.8724162363004,236,0,Bronze,1,C11,104,311.65568458075563
1137,0,3,male,52.34982805036878,4,0,0.06726666048285926,S,5,0,Standard,F,nan,4.0,18.58625150348758,16.31919502124446,Excellent,None,1,49,Jain,129.04031689038408,4,0.0,22.047204936382336,12.43469890093254,118.35342668222013,152.835330519535,496,0,Gold,1,D36,101,256.83503755319515
1138,0,3,male,24.490731959150963,0,0,3.5524370984744786,Q,1,1,Discounted,nan,nan,2.0,39.248973771074404,13.198126767098001,Good,None,0,116,Jain,19.71316373633276,0,0.0,121.36541355457882,0.0,17.86598038150744,176.253955347895,218,1,Silver,0,C11,103,388.09944800135753
1139,1,2,female,,0,2,21.109648876002247,S,3,0,Standard,nan,L2,3.0,20.942049417847098,17.3668625201298,Excellent,Chronic,0,86,Standard,6.835373137988726,2,0.0,2.0561512482760733,152.41874114652327,21.08206919933144,175.5569615941308,486,0,Platinum,0,C30,104,297.7499506155304
1140,0,3,male,50.36204036768439,0,0,41.718216413731284,S,1,1,Standard,nan,nan,1.0,47.708203834167975,21.67827948572281,Good,Minor,1,85,Vegetarian,29.20267008965992,0,0.0,35.89399723471675,11.333845458799745,42.971060661687545,90.19890335520404,423,0,Silver,0,B14,104,390.0834064295724
1141,0,3,male,30.425961800887773,0,0,10.491240365435166,S,1,1,Premium,E,nan,3.0,48.30395913445029,14.863550301801496,Average,None,1,62,Standard,2.169906602859989,0,0.0,57.04668635907568,33.62735061149055,77.71157477963416,168.38561175020038,460,0,None,0,D54,105,334.30602327427005
1142,1,2,female,14.482657636861825,0,0,6.618473334222575,nan,1,1,Discounted,nan,L3,3.0,32.940886559796866,13.663719427884867,Poor,Minor,0,97,Vegan,57.69983294186661,0,0.0,0.0,55.79759013951462,112.20241150491036,168.00000164442497,150,0,Bronze,1,A29,102,253.36581393169732
1143,0,2,male,24.880532247788402,0,0,22.11302561471411,S,1,1,Standard,F,nan,3.0,46.78971291566973,16.94085128833995,Good,Minor,0,116,Standard,116.50064624767957,0,0.0,48.428074154498596,74.23951276010992,125.47963361413552,248.14722052874401,122,0,Gold,1,C70,103,296.27722868509096
1144,0,2,male,25.998312855510225,1,0,17.08293414910877,S,2,0,Discounted,nan,nan,3.0,39.238445503152306,15.19363510184806,Average,None,0,38,Standard,90.78099610306249,1,0.0,81.41963014951298,37.96828655745285,105.65029739357706,225.0382141005429,143,0,None,0,B29,102,199.59285953293704
1145,0,2,female,,0,5,33.295355062848245,S,6,0,Premium,nan,nan,3.0,29.608683843880677,8.311452880411004,Poor,None,1,15,Vegetarian,6.812151773090626,5,0.0,4.3719336594924005,10.005830067089908,139.28953222959575,153.66729595617807,477,1,Platinum,1,B34,103,311.4255213039171
1146,0,1,male,,0,0,9.61749647014547,S,1,1,Premium,B,nan,1.0,13.113857094025015,16.196654001987408,Poor,None,0,110,Vegan,6.749258849010718,0,174.2134039630526,24.383091964902313,11.848316346676441,110.81152644238954,321.2563387170209,188,0,None,1,B41,104,258.853895529281
1147,1,3,female,52.85515328643712,0,0,15.02978904773307,S,1,1,Discounted,nan,L1,2.0,25.6369074581228,8.26618795618118,Good,Minor,1,52,Halal,83.94864001898544,0,0.0,23.416023086688256,0.6292952637595318,45.940183050692205,69.98550140114,254,0,None,0,B79,105,233.19251950708434
1148,0,3,female,50.96814319581176,1,1,8.182503200233839,S,3,0,Premium,D,nan,4.0,30.23935085131779,16.872403232042227,Poor,None,1,79,Halal,129.01866332945423,2,0.0,108.70441232213632,42.924442798355365,39.76219265078589,191.39104777127758,67,0,Platinum,0,A76,102,391.3288055128828
1149,0,1,male,20.990464444554263,0,0,280.2128086102516,S,1,1,VIP,nan,nan,3.0,43.87827113307546,11.014286377967164,Good,None,0,46,Jain,30.871366750301714,0,181.54614647057988,8.206668733801356,1.310394916826517,104.42886754516348,295.49207766637124,103,0,None,1,A10,104,361.83526445905727
1150,0,2,male,13.802680568276763,0,0,9.203833979760446,S,1,1,VIP,B,nan,2.0,26.66000194410492,15.18437402093173,Poor,None,1,25,Standard,34.554576434414656,0,0.0,0.0,59.99725978419564,28.93058530344214,88.92784508763778,335,0,Gold,1,C14,103,360.18233872574774
1151,0,3,male,74.8376098368106,0,0,10.514318822122743,S,1,1,Premium,C,nan,4.0,45.39536027050805,16.95296953099618,Excellent,Minor,0,21,Jain,19.155495993886674,0,0.0,19.9163931884513,3.789374988476103,13.907221621540483,37.61298979846788,158,1,Silver,1,A28,102,346.92667659905663
1152,0,1,male,39.38577166227664,1,2,228.53618292332686,S,4,0,VIP,nan,nan,2.0,35.3457040560561,27.269516729717857,Average,Minor,0,88,Vegetarian,112.34102167557087,3,98.17095328890166,2.800274090793492,5.657789873540184,79.83343122842909,186.4624484816644,308,1,None,0,D57,102,225.906657352453
1153,1,1,male,13.997189395755951,0,0,9.193004801548343,S,1,1,Standard,C,L5,3.0,11.164957837415212,18.713749808934622,Excellent,Minor,1,5,Halal,51.768201034200644,0,1.2417829145687902,0.0,19.418064451636916,123.2462354668433,143.906082833049,361,0,Gold,1,A66,104,275.97123043158973
1154,0,2,female,50.04461911444914,0,0,60.901586390452906,S,1,1,Discounted,nan,nan,2.0,49.77416161962918,21.823994048711675,Good,Chronic,0,70,Standard,17.00153843636044,0,0.0,167.9207450134967,40.16863346100512,15.20697637047953,223.29635484498138,408,0,Silver,1,C44,102,279.62978151180675
1155,0,3,male,42.59135896840295,1,0,12.226051777358675,Q,2,0,Standard,D,nan,4.0,28.72546973392607,24.358739093469623,Excellent,Minor,0,113,Vegetarian,17.74688490937849,1,0.0,27.946895625622208,0.0,118.78369856935939,151.220494267917,299,0,Silver,1,D14,105,197.4157755540641
1156,0,2,male,,1,0,1.5454483064043827,S,2,0,Discounted,nan,nan,3.0,22.63362333840855,17.44627958499722,Good,Chronic,0,107,Vegetarian,110.91223080504918,1,0.0,49.98622694878027,17.39836269208623,121.73580065273221,189.1203902935987,395,0,None,1,B31,105,266.5799343093606
1157,1,3,female,,0,0,3.759550372496518,S,1,1,Premium,nan,L2,2.0,34.660119401128696,16.428449001335995,Poor,Chronic,0,112,Standard,0.6863910368833999,0,0.0,64.7516655529727,19.782743263687664,72.34110001223154,156.8755088288919,89,0,Gold,1,C86,104,267.2341214629774
1158,0,3,male,19.637472651135205,1,0,12.93170544877378,S,2,0,Standard,nan,nan,4.0,9.900199129146758,9.666394455868922,Poor,Minor,0,108,Vegetarian,19.48401034247265,1,0.0,22.86119451517048,7.158592327997335,8.596546501573021,38.61633334474084,356,0,None,1,A56,103,307.55993684969775
1159,1,1,female,12.844772238649407,0,1,5.926703828554712,S,2,0,Premium,D,L1,3.0,33.644239103900944,14.416850337998028,Good,None,1,47,Standard,40.411819029431555,1,192.96829762764236,0.0,3.68396301597891,26.18847768707796,222.84073833069922,255,1,Platinum,1,B12,104,451.9432560143006
1160,0,3,male,18.123973294511117,0,0,9.16315815549712,S,1,1,Premium,C,nan,2.0,27.420620022467283,11.384561351820688,Excellent,None,1,87,Standard,8.02120109685803,0,0.0,11.570192203331487,54.313762623075654,106.11394127428986,171.997896100697,495,0,Silver,1,D62,105,298.7462234037157
1161,0,2,male,36.35711866599268,0,0,9.338320893249946,S,1,1,Discounted,A,nan,2.0,23.30033314993624,12.994705749378069,Poor,None,1,68,Vegan,4.830983321368128,0,0.0,18.790447320160585,20.942720371921517,106.76669174864243,146.49985944072455,352,0,None,0,D40,101,307.59086727418
1162,1,3,female,12.069641760995143,0,1,10.184959999985765,S,2,0,Discounted,D,L3,2.0,47.88590095305046,24.353316880962343,Average,None,0,91,Jain,84.44471260644065,1,0.0,0.0,0.4345694465602825,134.7532912751498,135.18786072171008,219,0,Silver,1,A97,101,284.98738363415146
1163,1,3,female,,0,2,0.4916230124185259,S,3,0,Discounted,nan,L1,1.0,28.514287252942395,15.573107545999948,Poor,None,0,18,Vegetarian,112.40692338725262,2,0.0,25.398198534271398,48.73369912607494,87.40292198318743,161.53481964353375,8,0,Gold,0,D42,102,344.26277280322466
1164,0,3,female,19.616671422820172,3,0,21.547184871207584,S,4,0,Standard,nan,nan,3.0,14.86028657614723,10.620502111419457,Average,None,0,21,Vegetarian,86.75187675773077,3,0.0,0.341901199387893,118.5756725198019,18.61610515706661,137.5336788762564,11,0,Bronze,1,D97,102,235.56496748125338
1165,0,1,female,23.56324536185823,0,0,308.566521887269,S,1,1,VIP,nan,nan,4.0,25.65335657197844,21.87266727345652,Excellent,Chronic,0,92,Vegan,114.52684313306263,0,0.7361177948787646,37.05463950538717,27.936511978290238,18.21223582574582,83.939505104302,324,0,None,1,B93,101,413.76224970923636
1166,0,3,female,49.85888214229563,0,0,36.43327447716338,S,1,1,Discounted,nan,nan,3.0,46.37243320577027,19.776377381187245,Average,Chronic,0,99,Vegan,40.27236051426545,0,0.0,127.24136331469577,21.017747872617676,108.16985360352355,256.42896479083703,437,0,None,1,D25,105,292.5504475519908
1167,0,2,male,18.37765666336185,0,5,30.46785845314706,S,6,0,Discounted,nan,nan,2.0,12.92429620987676,20.038267463001983,Average,Minor,0,86,Vegan,83.6343621774754,5,0.0,83.58631129509683,63.214463118964275,27.56769976618517,174.36847418024627,243,0,Silver,1,B85,102,276.2886100181361
1168,0,1,male,18.39159728937743,3,2,11.84570190087349,S,6,0,Standard,nan,nan,1.0,14.628066740970661,4.969348984488027,Average,None,0,104,Halal,24.228876800583798,5,73.49058723217962,87.20889354247281,91.42137292409771,49.2578249424908,301.378678641241,181,0,Gold,1,A48,104,358.202224419828
1169,0,1,female,32.06263427498348,0,0,120.6919871486306,S,1,1,Discounted,D,nan,2.0,5.5863305490687685,24.743354788607427,Average,None,0,23,Halal,54.87082941199913,0,521.8026511559739,79.25141763061096,42.1382613998728,73.08180103828708,716.2741312247447,283,0,Platinum,1,A55,104,246.5446444773088
1170,1,3,female,21.02816660238509,0,1,0.26138933396636876,C,2,0,Standard,nan,L1,3.0,5.638552222809523,12.207426289530563,Poor,None,1,64,Halal,224.75094945078106,1,0.0,19.5582047613868,17.68810764088327,3.7147316364226803,40.96104403869275,311,0,Gold,1,D97,105,343.15505898332003
1171,0,3,female,15.81573710554088,0,0,0.23490545121197556,S,1,1,Premium,nan,nan,4.0,42.32262321313306,18.889773863963775,Average,None,1,67,Standard,12.791584463307764,0,0.0,0.0,26.910926918504504,37.322854052989776,64.23378097149428,98,0,None,1,D56,102,384.31020333572167
1172,0,1,male,21.034235258642326,0,0,33.23379046846457,C,1,1,Discounted,nan,nan,2.0,37.94551730793301,27.61899895308516,Poor,None,1,40,Vegetarian,24.706599248816364,0,12.052000034656112,7.725283013587676,36.21286675333694,61.18344127609201,117.17359107767274,196,0,Platinum,0,D18,104,285.51943365581945
1173,1,3,male,,5,0,7.042220586677641,S,6,0,Discounted,B,L3,4.0,20.97684754033812,25.776663740953087,Average,None,1,114,Jain,32.70087908845773,5,0.0,53.60574537180648,6.480330366217622,41.94544777398094,102.03152351200504,481,0,Gold,0,D96,102,423.17049678479225
1174,0,1,female,14.91081754812145,4,1,125.07315841962782,S,6,0,Premium,F,nan,4.0,36.42400207524078,10.112189372636564,Good,Chronic,1,10,Standard,7.425898743020588,5,150.42280081806305,0.0,17.78282621344723,20.455549120134876,188.66117615164518,365,0,Bronze,1,D59,102,338.65749157567524
1175,0,3,male,,0,0,12.0727501323536,C,1,1,Premium,F,nan,3.0,22.78426668394866,7.777413314988635,Excellent,Minor,0,89,Vegetarian,4.2255585536381215,0,0.0,1.2951194070392031,53.12718030698945,109.2018386694296,163.62413838345827,225,0,Silver,1,A69,104,339.40165557986575
1176,1,1,female,20.143143243840107,3,1,50.185273928635226,Q,5,0,Premium,nan,L3,4.0,47.880355819902235,22.151732994239637,Average,None,0,52,Vegetarian,88.5163985577187,4,233.06120850904705,77.55140674723106,31.902452620635763,121.97214827519774,464.4872161521116,332,0,Gold,1,C24,101,381.9519201111594
1177,0,3,female,,0,1,3.3567572068632736,S,2,0,Discounted,nan,nan,3.0,48.517370664171565,15.710279057969998,Good,None,1,113,Vegan,188.168023959271,1,0.0,116.78026808419975,15.890268576604697,38.62184642155873,171.29238308236316,102,0,Gold,1,D72,104,397.8440972781824
1178,0,2,male,18.750518745595926,1,0,128.73363275645355,S,2,0,VIP,E,nan,3.0,22.67571991142045,12.4955927934896,Average,None,1,72,Vegan,25.936595128213618,1,0.0,15.558814199508825,32.66246088821059,116.1629241909455,164.3841992786649,105,0,Bronze,1,A95,105,315.7103391843828
1179,1,3,female,25.03353575677908,0,0,5.832138796155358,C,1,1,VIP,nan,L5,3.0,43.43998578533906,18.10609273469524,Average,None,1,119,Standard,4.586570552869321,0,0.0,83.66968994978181,3.774462679728595,57.83303466019707,145.27718728970748,364,0,None,1,D50,103,347.81432648261625
1180,1,1,female,27.00586158776772,0,0,51.03077411608614,C,1,1,VIP,B,L2,3.0,39.789006876385976,14.185602112702796,Average,Chronic,1,75,Vegan,3.4038660021721663,0,88.96843768961293,4.300011066009067,15.399742848578216,76.00286862810042,184.67106023230062,367,0,Silver,0,B33,104,383.78048958965564
1181,0,2,male,12.197714172384888,0,0,3.9308894340002256,S,1,1,Discounted,E,nan,2.0,18.94999717273052,18.506620685243718,Good,None,0,61,Vegetarian,110.96654953491844,0,0.0,0.0,47.26972904799821,128.4001612339729,175.6698902819711,57,1,Gold,1,B58,102,230.2913354183138
1182,0,1,female,28.339022955539836,0,0,134.6244195541712,S,1,1,Premium,A,nan,3.0,15.44179230054977,15.334909039093663,Excellent,None,1,64,Vegan,31.163731446502656,0,60.068758090245844,33.24226085010608,7.4734159000138245,112.49305227036118,213.2774871107269,77,0,Platinum,1,B16,102,196.22985602204113
1183,0,3,male,14.940879602988723,0,0,12.422888499384026,S,1,1,Discounted,nan,nan,2.0,25.62055926767752,18.611939641640834,Good,None,1,5,Halal,19.28513265170799,0,0.0,0.0,6.172428782539177,120.76752769742666,126.93995647996583,74,1,Gold,1,D78,104,296.5467647756457
1184,0,3,female,60.6899740840864,0,2,2.6192095592583478,S,3,0,Premium,nan,nan,3.0,40.16069782764828,10.527336554318058,Excellent,None,0,109,Vegan,32.35721354837329,2,0.0,130.323351804886,90.36722982053324,20.526774987953523,241.21735661337274,41,0,Silver,1,D64,103,194.7905185548372
1185,0,2,male,14.414203564652702,0,0,1.8914072518523315,S,1,1,Discounted,D,nan,2.0,48.20755031279354,22.12231006566317,Average,None,1,53,Vegetarian,19.158580361067774,0,0.0,0.0,7.067782773418691,10.457913875059422,17.525696648478114,421,0,Gold,0,D91,104,281.16029422152286
1186,0,3,female,20.032516718049102,1,0,11.980456117741024,S,2,0,Discounted,nan,nan,5.0,39.36105809899576,18.48811685366219,Poor,Minor,0,55,Standard,33.5727850808003,1,0.0,76.87532150077956,9.070415631483767,134.01070936319806,219.9564464954614,323,1,Bronze,0,A32,103,318.86241205194824
1187,0,3,male,13.338201564757547,0,0,11.159348491443001,S,1,1,Premium,D,nan,4.0,43.48431432582665,18.231486847017862,Average,None,1,37,Jain,98.1474636171328,0,0.0,0.0,104.81511342390588,58.175140435664154,162.99025385957003,180,0,Gold,1,A23,103,283.4616740366924
1188,0,3,male,,0,0,3.3514514110742666,C,1,1,VIP,nan,nan,3.0,32.13789377767324,9.41165036494003,Excellent,None,1,56,Vegan,44.86135160408157,0,0.0,121.41797739350773,39.807789672370305,43.181951710452125,204.40771877633014,32,0,Gold,1,C58,105,291.5044171137786
1189,1,3,female,22.46320298487339,4,0,31.638121267043648,S,5,0,Premium,nan,L3,2.0,42.59335238789566,23.498162083221235,Good,None,0,59,Vegetarian,59.31544875400457,4,0.0,5.129755615855265,36.07886453876352,108.70443813927368,149.91305829389245,70,0,Platinum,0,A34,102,239.9000091827445
1190,0,2,male,25.572289861334184,0,0,3.602814230282319,S,1,1,Standard,nan,nan,4.0,40.2989386101538,14.931419503168659,Average,None,1,109,Jain,22.68058972114826,0,0.0,95.97823861072543,57.504660823560826,125.4623394869785,278.9452389212647,55,0,Bronze,0,A26,102,347.28861263825667
1191,0,1,male,,0,2,48.12899516278999,C,3,0,Standard,A,nan,4.0,21.964349386682603,18.640244312149207,Good,Minor,0,102,Jain,67.06717378467903,2,130.48479213175878,19.886758487048027,3.6929430945653423,129.37344328474515,283.43793699811727,104,0,Bronze,1,C66,103,236.1921979726596
1192,1,3,female,32.79204382823998,0,0,30.193468544396374,Q,1,1,Premium,nan,L1,4.0,29.83956359543245,13.385877681266956,Good,None,1,93,Halal,54.92317771838605,0,0.0,2.7636026771794735,36.7208000265373,47.39957116878411,86.88397387250087,199,0,Gold,0,C90,102,173.825896136698
1193,0,3,female,,1,5,5.714699998282276,S,7,0,Discounted,nan,nan,2.0,41.21389048953627,16.304445323410487,Good,None,0,69,Jain,6.36678827545402,6,0.0,55.33579939225105,21.016552364095357,127.8318586802511,204.1842104365975,100,1,Platinum,1,B23,101,287.5596736480068
1194,0,3,male,46.24972285217446,0,1,10.68443268616608,S,2,0,Standard,D,nan,3.0,7.072553038548037,16.48563676059702,Average,None,1,73,Vegetarian,42.50676028918471,1,0.0,13.151419588097616,53.0091914420087,6.140091656151808,72.30070268625812,255,0,Gold,1,A29,103,354.9011954951974
1195,0,2,female,15.4438324224125,1,0,11.15013466620107,S,2,0,Standard,nan,nan,2.0,41.36356770601235,2.0,Good,None,0,59,Vegetarian,14.83570334010821,1,0.0,0.0,21.28693950151601,7.449223718957832,28.73616322047384,306,1,Gold,1,B28,102,304.7898475129786
1196,0,2,male,15.173556447132238,1,2,7.051038061471388,S,4,0,Discounted,D,nan,2.0,13.004965582206054,17.912240623274155,Good,None,1,112,Vegan,81.50644246458705,3,0.0,0.0,29.04658112589829,93.52787927612317,122.57446040202146,73,1,Silver,0,A65,101,230.11217909518592
1197,0,3,male,12.558515127865082,3,0,43.40459055588363,S,4,0,Discounted,nan,nan,4.0,28.160762770464753,24.826707308610423,Average,None,0,2,Vegan,27.750868335801936,3,0.0,0.0,19.487814070613034,9.465955367331935,28.95376943794497,170,0,Silver,1,A91,105,306.11705804438014
1198,1,3,male,21.58178689943196,1,1,5.5282980463769436,S,3,0,VIP,B,L5,4.0,41.372394780017196,17.698901294959786,Good,None,1,65,Vegan,261.8532606975087,2,0.0,9.747678946871616,19.511765661317913,48.69137527652423,77.95081988471375,376,0,Platinum,1,C71,102,326.298222286101
1199,0,3,female,24.48066155514271,0,0,23.575151321905388,S,1,1,Discounted,nan,nan,3.0,16.42194851705127,10.211458755551309,Average,Minor,1,104,Jain,4.85310977103091,0,0.0,0.25764404511655237,43.826655323460635,100.9133979370386,144.9976973056158,142,1,None,1,B42,101,305.4190014911356
1200,0,3,female,13.019504102687346,0,1,2.7437110310808497,S,2,0,Premium,nan,nan,4.0,16.061334768776888,18.249807830769434,Excellent,None,1,60,Jain,75.78550891551038,1,0.0,0.0,29.711555022019336,50.59003440813395,80.30158943015329,165,1,Silver,1,C27,104,284.12494518668484
1201,1,3,female,34.41003890397558,1,1,2.516430854478008,S,3,0,Premium,B,L1,3.0,23.124397930801333,20.297402650866694,Excellent,Chronic,1,51,Halal,55.99716940609704,2,0.0,4.40088747433756,30.093325764458093,26.939967216014388,61.43418045481004,398,0,None,0,A42,104,329.16232089856493
1202,1,1,female,,0,1,2.6884691731221753,S,2,0,VIP,C,L1,3.0,45.25892589099355,17.562332580951935,Excellent,None,1,30,Vegan,72.94300121249896,1,105.83524672324009,57.38791110025573,17.95052218989805,42.20259327807624,223.3762732914701,260,0,Bronze,1,D70,101,195.69438583079128
1203,0,1,male,23.147364818888953,0,1,89.64064800445912,S,2,0,Standard,A,nan,3.0,5.019925164674355,14.629364467849781,Good,Chronic,0,11,Standard,18.37450339126429,1,86.65940673387801,13.43469806740582,22.721580163929342,68.63629983756476,191.45198480277793,220,0,Silver,1,B26,103,246.36267655424518
1204,0,3,male,20.717722076813704,3,0,4.826840068808115,S,4,0,Standard,F,nan,5.0,45.562239348887076,13.789253870880346,Poor,Minor,0,92,Halal,33.8690549860238,3,0.0,143.74138932183078,41.0793023671037,71.30787830332235,256.12856999225687,82,0,Silver,1,C79,103,221.68751413168138
1205,0,3,male,,1,0,20.976249617681333,S,2,0,Discounted,D,nan,1.0,11.92131610887235,13.768451223165965,Poor,None,0,108,Standard,79.60655704700301,1,0.0,102.49476897538557,52.45081476198828,117.4500347020803,272.39561843945415,181,0,Platinum,1,C43,102,380.9031823192894
1206,0,1,male,,0,0,54.48101474973917,Q,1,1,Premium,nan,nan,5.0,49.55388692303669,18.488884505056063,Good,Minor,1,76,Jain,13.233532662280014,0,4.231069460474295,17.08515734821565,35.77728007320488,112.52298441472688,169.6164912966217,306,0,None,1,D34,104,342.72190325930325
1207,0,1,male,,0,0,293.08699900206807,S,1,1,Standard,D,nan,4.0,47.96811468673106,7.9643800247018595,Poor,None,1,39,Halal,12.81131481100138,0,343.58738501854776,76.44256486371744,77.33948339112544,68.52267068342027,565.892103956811,9,0,Silver,1,D83,103,311.1075020588411
1208,1,3,female,15.012076293129383,0,0,2.154727871738803,S,1,1,VIP,D,L2,2.0,27.26038353160775,13.140634195722967,Average,Chronic,0,90,Halal,40.042293970266414,0,0.0,0.0,51.49801621885226,126.85010236481571,178.34811858366797,395,0,Silver,0,B97,103,212.96270079883152
1209,0,1,male,41.68423992444211,0,0,172.5232679020424,C,1,1,VIP,nan,nan,3.0,28.072411151568268,22.97804911505474,Poor,None,1,77,Vegetarian,37.071049753675275,0,330.1144658200725,215.4875837838062,24.756763043417223,17.135570788709376,587.4943834360053,3,0,Platinum,1,A20,104,344.6488673368871
1210,0,1,male,,0,3,127.3960708973153,S,4,0,Premium,A,nan,4.0,26.669720312413443,23.17097633288588,Good,None,1,72,Jain,16.582566722229412,3,12.18892539840839,45.54526134443298,33.38797661705836,38.30300253433522,129.42516589423496,350,0,Platinum,1,C25,105,383.19240809950895
1211,0,3,male,19.009532812127077,0,0,15.47376646084538,S,1,1,VIP,nan,nan,3.0,33.59496405467851,7.60926456099169,Good,None,1,63,Jain,17.696482252184374,0,0.0,4.276028148100972,78.23594375018735,124.19646952533773,206.70844142362606,401,0,None,1,B70,103,334.28968418781375
1212,0,3,female,16.73597048538999,0,1,19.560792413553184,S,2,0,VIP,nan,nan,5.0,9.082476600571898,9.342931943681956,Average,Chronic,0,64,Halal,16.27578538445064,1,0.0,0.0,28.96191186470562,56.69910579392297,85.6610176586286,335,0,Bronze,1,A89,101,297.8893550097866
1213,1,3,female,27.492348976416856,8,0,15.029617182339134,S,9,0,Premium,nan,L3,5.0,6.4678076753704925,13.646897102360317,Excellent,None,0,61,Jain,73.81359288903757,8,0.0,49.03876250696674,52.25600276056041,147.17723381907632,248.4719990866035,487,0,Bronze,1,C25,102,337.9030819110369
1214,0,1,male,19.882343514108694,0,1,83.64754378600293,C,2,0,Discounted,nan,nan,3.0,7.596631778715448,19.46294758557176,Good,None,0,54,Halal,52.7633985350882,1,96.1102746422619,50.85399911579442,35.02059717430062,69.93799222917531,251.92286316153226,291,0,Gold,0,C25,103,316.37496685516135
1215,1,3,male,12.385712230989705,4,2,1.477286852239616,S,7,0,Discounted,nan,L1,3.0,24.996440715868147,5.862628229735048,Average,Minor,1,92,Vegetarian,89.31388112522465,6,0.0,0.0,24.084600163534592,118.79034344456461,142.87494360809922,280,0,Silver,0,D21,103,355.5645740183843
1216,1,1,female,14.546754049492659,0,0,2.8106876347487852,S,1,1,VIP,C,L5,5.0,17.39965726487675,14.72595682541261,Poor,Minor,0,94,Halal,185.3990940909583,0,88.5996807395229,0.0,8.305753608207572,60.346056207355794,157.25149055508626,214,1,None,0,C30,105,354.22113850757717
1217,0,2,male,,1,0,55.80043263991381,S,2,0,Discounted,B,nan,3.0,32.99178030669472,12.629104217101775,Poor,None,0,73,Jain,32.13832326814606,1,0.0,160.2883350014795,16.653646835650008,63.74302785936456,240.68500969649406,459,0,Silver,0,B52,101,286.7360678033804
1218,0,3,female,,1,1,10.067480739023193,S,3,0,Discounted,C,nan,2.0,49.659903021865055,21.62982337142617,Average,None,1,103,Jain,3.451101528038415,2,0.0,12.276648776681261,103.02044324131161,57.43247209262752,172.7295641106204,97,0,None,1,D26,102,260.3615170269534
1219,0,3,female,12.412047868266601,0,0,16.718861658782213,S,1,1,VIP,nan,nan,1.0,22.384542788440967,6.615457630153728,Average,None,1,95,Halal,2.4643606805339293,0,0.0,0.0,32.167762898899404,107.86134307662176,140.02910597552116,419,0,None,1,D50,103,276.01062355882937
1220,0,3,male,15.764894608000574,1,0,6.897012782832843,S,2,0,Discounted,A,nan,3.0,30.8228564347031,15.462703077468111,Good,None,1,58,Halal,17.525061974508784,1,0.0,0.0,24.93060848091523,82.12768260899917,107.05829108991439,100,1,None,1,B97,102,332.151020100296
